Typ,Lvl,x0,Ini,AtkCnt,Str,Def,Dex,HP,DmgRed,MAtkSav,FleeAt,x1,w0,w0hit,w0dmg,w0spa,w1,w1hit,w1dmg,w1spa,w2,w2hit,w2dmg,w2spa,sp0,sl0,sp1,sl1,sp2,sl2,sp3,sl3,sp4,sl4,sp5,sl5,sp6,sl6,sp7,sl7,sp8,sl8,sp9,sl9
1,1,3,2,1,12,7,4,16,0,2,3,6,1,0,0,0,2,1,0,0,2,2,255,0,255,0,255,0,255,0,255,0,255,0,255,0,255,0,255,0,255,0,255,0
1,2,3,2,1,15,9,8,30,0,2,3,6,1,1,0,0,2,1,0,0,2,1,0,0,255,0,255,0,255,0,255,0,255,0,255,0,255,0,255,0,255,0,255,0
1,3,3,3,1,18,11,12,40,0,2,3,6,1,2,0,0,2,4,1,0,2,2,1,0,255,0,255,0,255,0,255,0,255,0,255,0,255,0,255,0,255,0,255,0
1,4,3,4,1,22,12,50,50,12,2,2,4,1,3,2,0,2,4,1,0,2,2,0,0,255,0,255,0,255,0,255,0,255,0,255,0,255,0,255,0,255,0,255,0
1,5,3,4,1,26,15,65,75,15,3,2,4,1,3,3,0,2,4,1,0,2,2,1,0,255,0,255,0,255,0,255,0,255,0,255,0,255,0,255,0,255,0,255,0
1,6,3,5,1,33,18,85,100,18,4,2,4,1,4,4,0,2,6,2,0,2,3,2,0,255,0,255,0,255,0,255,0,255,0,255,0,255,0,255,0,255,0,255,0
1,7,3,6,2,40,20,200,175,30,10,0,2,1,5,3,0,2,6,2,0,21,254,20,2,0,4,8,12,3,6,6,6,2,4,10,6,1,4,1,6,20,5,4,5
1,8,3,6,2,48,22,250,300,40,11,0,2,1,5,4,0,2,8,3,0,21,254,30,2,0,5,8,12,3,7,6,8,2,5,10,7,1,5,1,7,20,6,4,6
1,9,3,7,2,60,24,350,550,50,12,0,2,1,6,5,0,2,8,4,0,21,254,75,2,0,6,8,12,3,8,6,10,2,6,10,8,1,6,1,8,20,7,4,7
1,10,3,7,2,60,24,350,550,50,12,0,2,1,6,5,0,2,8,4,0,21,254,75,2,0,6,8,12,3,8,6,10,2,6,10,8,1,6,1,8,20,7,4,7
1,11,3,7,2,60,24,350,550,50,12,0,2,1,6,5,0,2,8,4,0,21,254,75,2,0,6,8,12,3,8,6,10,2,6,10,8,1,6,1,8,20,7,4,7
1,12,3,7,2,60,24,350,550,50,12,0,2,1,6,5,0,2,8,4,0,21,254,75,2,0,6,8,12,3,8,6,10,2,6,10,8,1,6,1,8,20,7,4,7
1,13,3,7,2,60,24,350,550,50,12,0,2,1,6,5,0,2,8,4,0,21,254,75,2,0,6,8,12,3,8,6,10,2,6,10,8,1,6,1,8,20,7,4,7
1,14,3,7,2,60,24,350,550,50,12,0,2,1,6,5,0,2,8,4,0,21,254,75,2,0,6,8,12,3,8,6,10,2,6,10,8,1,6,1,8,20,7,4,7
1,15,3,7,2,60,24,350,550,50,12,0,2,1,6,5,0,2,8,4,0,21,254,75,2,0,6,8,12,3,8,6,10,2,6,10,8,1,6,1,8,20,7,4,7
2,1,3,2,1,12,6,10,16,1,1,0,8,1,0,0,0,2,255,1,0,2,254,2,0,255,0,255,0,255,0,255,0,255,0,255,0,255,0,255,0,255,0,255,0
2,2,3,2,1,16,7,15,18,2,1,0,7,1,2,0,0,2,1,1,0,2,255,2,0,255,0,255,0,255,0,255,0,255,0,255,0,255,0,255,0,255,0,255,0
2,3,3,3,1,20,8,25,21,10,2,2,6,1,4,255,0,2,2,2,0,2,0,3,0,255,0,255,0,255,0,255,0,255,0,255,0,255,0,255,0,255,0,255,0
2,4,3,3,1,25,10,50,30,15,3,2,6,1,4,255,0,2,3,2,0,2,0,5,0,255,0,255,0,255,0,255,0,255,0,255,0,255,0,255,0,255,0,255,0
2,5,3,4,1,32,14,100,60,20,4,2,6,1,4,254,0,2,3,2,0,9,0,5,2,255,0,255,0,255,0,255,0,255,0,255,0,255,0,255,0,255,0,255,0
2,6,3,4,1,40,16,130,75,30,5,2,6,1,4,253,0,2,4,3,0,9,0,8,2,255,0,255,0,255,0,255,0,255,0,255,0,255,0,255,0,255,0,255,0
2,7,3,5,2,50,18,200,90,40,6,0,4,1,2,8,0,2,4,3,0,2,0,8,0,255,0,255,0,255,0,255,0,255,0,255,0,255,0,255,0,255,0,255,0
2,8,3,5,2,60,20,240,120,50,6,0,4,1,2,10,0,2,5,5,0,2,0,10,0,255,0,255,0,255,0,255,0,255,0,255,0,255,0,255,0,255,0,255,0
2,9,3,6,2,74,24,500,1200,80,13,2,2,1,255,50,0,2,1,17,0,2,1,17,0,8,12,10,12,0,8,4,7,4,9,4,11,12,8,1,10,1,8,20,5
2,10,3,6,2,74,24,500,1200,80,13,2,2,1,255,50,0,2,1,17,0,2,1,17,0,8,12,10,12,0,8,4,7,4,9,4,11,12,8,1,10,1,8,20,5
2,11,3,6,2,74,24,500,1200,80,13,2,2,1,255,50,0,2,1,17,0,2,1,17,0,8,12,10,12,0,8,4,7,4,9,4,11,12,8,1,10,1,8,20,5
2,12,3,6,2,74,24,500,1200,80,13,2,2,1,255,50,0,2,1,17,0,2,1,17,0,8,12,10,12,0,8,4,7,4,9,4,11,12,8,1,10,1,8,20,5
2,13,3,6,2,74,24,500,1200,80,13,2,2,1,255,50,0,2,1,17,0,2,1,17,0,8,12,10,12,0,8,4,7,4,9,4,11,12,8,1,10,1,8,20,5
2,14,3,6,2,74,24,500,1200,80,13,2,2,1,255,50,0,2,1,17,0,2,1,17,0,8,12,10,12,0,8,4,7,4,9,4,11,12,8,1,10,1,8,20,5
2,15,3,6,2,74,24,500,1200,15,4,2,2,1,255,50,0,2,1,17,0,2,1,17,0,8,12,10,12,0,8,4,7,4,9,4,11,12,8,1,10,1,8,20,5
3,1,3,4,1,14,10,12,50,2,1,4,6,1,0,255,0,2,3,254,0,2,0,0,0,255,0,255,0,255,0,255,0,255,0,255,0,255,0,255,0,255,0,255,0
3,2,3,4,1,16,11,18,70,3,1,4,6,1,1,0,0,2,2,255,0,2,0,1,0,255,0,255,0,255,0,255,0,255,0,255,0,255,0,255,0,255,0,255,0
3,3,3,4,2,18,11,28,90,4,1,4,5,1,2,1,0,2,1,0,0,2,0,2,0,255,0,255,0,255,0,255,0,255,0,255,0,255,0,255,0,255,0,255,0
3,4,3,5,1,20,11,100,100,20,2,0,4,1,4,0,0,2,2,0,0,2,0,2,0,255,0,255,0,255,0,255,0,255,0,255,0,255,0,255,0,255,0,255,0
3,5,3,5,1,24,12,125,125,25,2,0,4,1,4,1,0,2,2,0,0,2,0,2,0,255,0,255,0,255,0,255,0,255,0,255,0,255,0,255,0,255,0,255,0
3,6,3,6,1,28,14,160,150,30,2,0,3,1,4,2,0,2,2,0,0,2,0,3,0,255,0,255,0,255,0,255,0,255,0,255,0,255,0,255,0,255,0,255,0
3,7,3,6,1,32,16,200,400,45,10,0,3,1,6,1,0,2,2,0,0,2,255,20,0,9,8,6,6,6,7,8,12,16,5,1,5,4,4,20,6,1,3,0,5
3,8,3,6,2,36,17,225,600,60,12,0,3,1,6,1,0,2,2,6,0,2,255,30,0,9,9,6,8,6,9,8,12,16,6,1,7,4,6,20,8,1,4,0,6
3,9,3,6,2,40,18,250,750,75,13,0,3,1,6,1,0,2,2,6,0,2,255,30,0,9,10,6,10,6,12,8,12,16,8,1,9,4,8,20,10,1,6,0,8
3,10,3,6,2,40,18,250,750,75,13,0,3,1,6,1,0,2,2,6,0,2,255,30,0,9,10,6,10,6,12,8,12,16,8,1,9,4,8,20,10,1,6,0,8
3,11,3,6,2,40,18,250,750,75,13,0,3,1,6,1,0,2,2,6,0,2,255,30,0,9,10,6,10,6,12,8,12,16,8,1,9,4,8,20,10,1,6,0,8
3,12,3,6,2,40,18,250,750,75,13,0,3,1,6,1,0,2,2,6,0,2,255,30,0,9,10,6,10,6,12,8,12,16,8,1,9,4,8,20,10,1,6,0,8
3,13,3,6,2,40,18,250,750,75,13,0,3,1,6,1,0,2,2,6,0,2,255,30,0,9,10,6,10,6,12,8,12,16,8,1,9,4,8,20,10,1,6,0,8
3,14,3,6,2,40,18,250,750,75,13,0,3,1,6,1,0,2,2,6,0,2,255,30,0,9,10,6,10,6,12,8,12,16,8,1,9,4,8,20,10,1,6,0,8
3,15,3,6,2,40,18,250,750,75,13,0,3,1,6,1,0,2,2,6,0,2,255,30,0,9,10,6,10,6,12,8,12,16,8,1,9,4,8,20,10,1,6,0,8
4,1,4,3,1,12,8,5,18,2,1,0,9,3,2,0,0,3,255,2,0,3,255,3,0,255,0,255,0,255,0,255,0,255,0,255,0,255,0,255,0,255,0,255,0
4,2,4,4,1,14,10,14,20,2,1,0,9,3,2,0,0,3,0,1,0,3,0,4,0,255,0,255,0,255,0,255,0,255,0,255,0,255,0,255,0,255,0,255,0
4,3,4,5,1,19,12,20,45,4,2,3,7,3,2,1,0,15,255,254,1,3,0,5,0,255,0,255,0,255,0,255,0,255,0,255,0,255,0,255,0,255,0,255,0
4,4,4,5,1,24,14,30,60,4,2,3,7,3,3,3,0,15,255,254,1,3,0,7,0,255,0,255,0,255,0,255,0,255,0,255,0,255,0,255,0,255,0,255,0
4,5,4,6,1,30,16,60,180,6,2,3,5,3,3,3,0,15,255,255,2,17,0,8,0,255,0,255,0,255,0,255,0,255,0,255,0,255,0,255,0,255,0,255,0
4,6,4,6,1,36,18,90,200,6,2,3,5,3,4,3,0,15,255,254,2,17,0,10,0,255,0,255,0,255,0,255,0,255,0,255,0,255,0,255,0,255,0,255,0
4,7,4,7,1,45,22,120,900,9,11,0,2,3,5,3,0,16,255,12,2,3,0,12,0,21,6,8,10,8,10,1,6,1,6,1,7,4,7,20,5,6,6,10,6
4,8,4,7,2,60,25,160,1000,9,11,0,2,3,6,4,0,16,255,18,2,3,0,15,0,21,8,8,12,8,12,1,7,1,7,1,8,4,9,20,7,6,8,10,7
4,9,4,7,2,60,25,160,1000,9,11,0,2,3,6,4,0,16,255,18,2,3,0,15,0,21,8,8,12,8,12,1,7,1,7,1,8,4,9,20,7,6,8,10,7
4,10,4,7,2,60,25,160,1000,9,11,0,2,3,6,4,0,16,255,18,2,3,0,15,0,21,8,8,12,8,12,1,7,1,7,1,8,4,9,20,7,6,8,10,7
4,11,4,7,2,60,25,160,1000,9,11,0,2,3,6,4,0,16,255,18,2,3,0,15,0,21,8,8,12,8,12,1,7,1,7,1,8,4,9,20,7,6,8,10,7
4,12,4,7,2,60,25,160,1000,9,11,0,2,3,6,4,0,16,255,18,2,3,0,15,0,21,8,8,12,8,12,1,7,1,7,1,8,4,9,20,7,6,8,10,7
4,13,4,7,2,60,25,160,1000,9,11,0,2,3,6,4,0,16,255,18,2,3,0,15,0,21,8,8,12,8,12,1,7,1,7,1,8,4,9,20,7,6,8,10,7
4,14,4,7,2,60,25,160,1000,9,11,0,2,3,6,4,0,16,255,18,2,3,0,15,0,21,8,8,12,8,12,1,7,1,7,1,8,4,9,20,7,6,8,10,7
4,15,4,7,2,60,25,160,1000,9,11,0,2,3,6,4,0,16,255,18,2,3,0,15,0,21,8,8,12,8,12,1,7,1,7,1,8,4,9,20,7,6,8,10,7
5,1,4,3,1,12,8,6,25,1,1,4,7,2,0,1,0,6,0,254,0,2,3,255,0,255,0,255,0,255,0,255,0,255,0,255,0,255,0,255,0,255,0,255,0
5,2,4,4,1,15,10,10,30,2,1,4,7,2,1,2,0,6,0,255,0,2,3,255,0,255,0,255,0,255,0,255,0,255,0,255,0,255,0,255,0,255,0,255,0
5,3,4,5,1,20,12,20,60,4,2,3,5,2,2,2,0,3,0,4,0,19,1,2,0,255,0,255,0,255,0,255,0,255,0,255,0,255,0,255,0,255,0,255,0
5,4,4,5,1,25,14,30,75,6,2,3,5,2,2,3,0,3,0,5,0,19,1,3,0,255,0,255,0,255,0,255,0,255,0,255,0,255,0,255,0,255,0,255,0
5,5,4,6,1,36,16,40,200,8,3,2,4,2,3,2,0,3,1,8,0,20,254,20,0,255,0,255,0,255,0,255,0,255,0,255,0,255,0,255,0,255,0,255,0
5,6,4,6,1,44,18,54,300,9,3,2,4,2,3,3,0,3,1,10,0,20,254,25,0,255,0,255,0,255,0,255,0,255,0,255,0,255,0,255,0,255,0,255,0
5,7,4,7,1,65,20,80,500,12,4,0,2,42,4,6,0,3,1,12,0,20,254,30,4,255,0,255,0,255,0,255,0,255,0,255,0,255,0,255,0,255,0,255,0
5,8,4,7,2,75,22,106,750,15,4,0,2,42,4,6,0,3,1,18,0,20,254,40,4,255,0,255,0,255,0,255,0,255,0,255,0,255,0,255,0,255,0,255,0
5,9,4,7,2,75,22,106,750,15,4,0,2,42,4,6,0,3,1,18,0,20,254,40,4,255,0,255,0,255,0,255,0,255,0,255,0,255,0,255,0,255,0,255,0
5,10,4,7,2,75,22,106,750,15,4,0,2,42,4,6,0,3,1,18,0,20,254,40,4,255,0,255,0,255,0,255,0,255,0,255,0,255,0,255,0,255,0,255,0
5,11,4,7,2,75,22,106,750,15,4,0,2,42,4,6,0,3,1,18,0,20,254,40,4,255,0,255,0,255,0,255,0,255,0,255,0,255,0,255,0,255,0,255,0
5,12,4,7,2,75,22,106,750,15,4,0,2,42,4,6,0,3,1,18,0,20,254,40,4,255,0,255,0,255,0,255,0,255,0,255,0,255,0,255,0,255,0,255,0
5,13,4,7,2,75,22,106,750,15,4,0,2,42,4,6,0,3,1,18,0,20,254,40,4,255,0,255,0,255,0,255,0,255,0,255,0,255,0,255,0,255,0,255,0
5,14,4,7,2,75,22,106,750,15,4,0,2,42,4,6,0,3,1,18,0,20,254,40,4,255,0,255,0,255,0,255,0,255,0,255,0,255,0,255,0,255,0,255,0
5,15,4,7,2,75,22,106,750,15,4,0,2,42,4,6,0,3,1,18,0,20,254,40,4,255,0,255,0,255,0,255,0,255,0,255,0,255,0,255,0,255,0,255,0
6,1,5,2,1,16,9,16,28,2,1,4,7,2,1,0,0,13,2,252,1,2,255,3,0,255,0,255,0,255,0,255,0,255,0,255,0,255,0,255,0,255,0,255,0
6,2,5,3,1,20,10,21,40,4,1,4,7,2,2,0,0,13,2,254,1,2,0,4,0,255,0,255,0,255,0,255,0,255,0,255,0,255,0,255,0,255,0,255,0
6,3,5,4,1,24,11,30,60,4,1,3,5,2,2,2,0,13,4,254,1,2,1,6,0,255,0,255,0,255,0,255,0,255,0,255,0,255,0,255,0,255,0,255,0
6,4,5,4,1,28,12,45,100,6,2,3,5,2,3,2,0,13,2,0,1,2,2,2,0,255,0,255,0,255,0,255,0,255,0,255,0,255,0,255,0,255,0,255,0
6,5,5,5,1,32,17,80,350,9,2,3,4,2,4,2,0,13,1,12,0,14,253,0,1,255,0,255,0,255,0,255,0,255,0,255,0,255,0,255,0,255,0,255,0
6,6,5,5,1,36,18,120,400,9,2,2,4,2,4,4,0,13,1,14,0,14,254,0,1,255,0,255,0,255,0,255,0,255,0,255,0,255,0,255,0,255,0,255,0
6,7,5,6,1,41,20,180,450,10,3,2,2,2,5,6,0,13,1,16,0,14,255,0,1,255,0,255,0,255,0,255,0,255,0,255,0,255,0,255,0,255,0,255,0
6,8,5,7,1,48,22,260,500,12,3,0,2,2,6,8,0,13,1,20,0,14,0,0,1,255,0,255,0,255,0,255,0,255,0,255,0,255,0,255,0,255,0,255,0
6,9,5,7,1,48,22,260,500,12,3,0,2,2,6,8,0,13,1,20,0,14,0,0,1,255,0,255,0,255,0,255,0,255,0,255,0,255,0,255,0,255,0,255,0
6,10,5,7,1,48,22,260,500,12,3,0,2,2,6,8,0,13,1,20,0,14,0,0,1,255,0,255,0,255,0,255,0,255,0,255,0,255,0,255,0,255,0,255,0
6,11,5,7,1,48,22,260,500,12,3,0,2,2,6,8,0,13,1,20,0,14,0,0,1,255,0,255,0,255,0,255,0,255,0,255,0,255,0,255,0,255,0,255,0
6,12,5,7,1,48,22,260,500,12,3,0,2,2,6,8,0,13,1,20,0,14,0,0,1,255,0,255,0,255,0,255,0,255,0,255,0,255,0,255,0,255,0,255,0
6,13,5,7,1,48,22,260,500,12,3,0,2,2,6,8,0,13,1,20,0,14,0,0,1,255,0,255,0,255,0,255,0,255,0,255,0,255,0,255,0,255,0,255,0
6,14,5,7,1,48,22,260,500,12,3,0,2,2,6,8,0,13,1,20,0,14,0,0,1,255,0,255,0,255,0,255,0,255,0,255,0,255,0,255,0,255,0,255,0
6,15,5,7,1,48,22,260,500,12,3,0,2,2,6,8,0,13,1,20,0,14,0,0,1,255,0,255,0,255,0,255,0,255,0,255,0,255,0,255,0,255,0,255,0
7,1,5,2,1,20,12,19,100,2,2,3,9,1,255,4,0,1,0,2,0,1,1,1,0,255,0,255,0,255,0,255,0,255,0,255,0,255,0,255,0,255,0,255,0
7,2,5,3,1,24,13,23,125,2,2,3,9,1,0,5,0,1,1,3,0,1,1,2,0,255,0,255,0,255,0,255,0,255,0,255,0,255,0,255,0,255,0,255,0
7,3,5,4,1,28,14,27,150,4,2,3,7,1,0,6,0,1,1,4,0,1,2,3,0,255,0,255,0,255,0,255,0,255,0,255,0,255,0,255,0,255,0,255,0
7,4,5,5,1,35,15,42,200,20,3,2,7,1,0,10,0,1,1,6,2,1,2,5,0,255,0,255,0,255,0,255,0,255,0,255,0,255,0,255,0,255,0,255,0
7,5,5,6,1,40,16,62,250,24,3,2,5,1,1,12,0,1,2,8,2,1,3,6,0,255,0,255,0,255,0,255,0,255,0,255,0,255,0,255,0,255,0,255,0
7,6,5,6,1,48,18,82,300,30,3,1,5,1,1,15,0,1,2,9,2,1,3,6,0,255,0,255,0,255,0,255,0,255,0,255,0,255,0,255,0,255,0,255,0
7,7,5,7,1,60,20,120,400,45,5,0,2,1,253,0,1,1,255,10,0,1,4,7,0,8,10,8,10,4,6,1,5,1,4,1,4,1,4,1,4,6,3,6,3
7,8,5,8,2,75,21,145,500,60,7,0,2,1,254,0,1,1,0,12,0,1,4,8,0,8,11,8,11,4,7,1,4,1,5,1,6,6,8,6,8,20,4,20,4
7,9,5,8,2,90,22,175,600,75,8,0,2,1,255,0,1,1,1,14,0,1,5,10,0,8,12,8,12,4,8,1,6,1,7,1,8,6,9,6,9,20,5,20,5
7,10,5,8,2,90,22,175,600,75,9,0,2,1,255,0,1,1,1,14,0,1,5,10,0,8,12,8,12,4,8,1,6,1,7,1,8,6,9,6,9,20,5,20,5
7,11,5,8,2,90,22,175,600,75,9,0,2,1,255,0,1,1,1,14,0,1,5,10,0,8,12,8,12,4,8,1,6,1,7,1,8,6,9,6,9,20,5,20,5
7,12,5,8,2,90,22,175,600,75,9,0,2,1,255,0,1,1,1,14,0,1,5,10,0,8,12,8,12,4,8,1,6,1,7,1,8,6,9,6,9,20,5,20,5
7,13,5,8,2,90,22,175,600,75,9,0,2,1,255,0,1,1,1,14,0,1,5,10,0,8,12,8,12,4,8,1,6,1,7,1,8,6,9,6,9,20,5,20,5
7,14,5,8,2,90,22,175,600,75,9,0,2,1,255,0,1,1,1,14,0,1,5,10,0,8,12,8,12,4,8,1,6,1,7,1,8,6,9,6,9,20,5,20,5
7,15,5,8,2,90,22,175,600,75,9,0,2,1,255,0,1,1,1,14,0,1,5,10,0,8,12,8,12,4,8,1,6,1,7,1,8,6,9,6,9,20,5,20,5
8,1,5,2,1,16,7,16,30,0,1,3,7,3,1,0,0,3,0,255,0,3,255,2,0,255,0,255,0,255,0,255,0,255,0,255,0,255,0,255,0,255,0,255,0
8,2,5,3,1,20,8,20,40,2,2,3,6,3,2,1,0,3,0,0,0,3,255,2,0,255,0,255,0,255,0,255,0,255,0,255,0,255,0,255,0,255,0,255,0
8,3,5,4,1,24,9,26,50,2,2,3,5,3,2,2,0,3,0,1,0,3,0,1,0,255,0,255,0,255,0,255,0,255,0,255,0,255,0,255,0,255,0,255,0
8,4,5,4,1,30,14,40,90,3,3,2,5,3,2,2,0,3,255,0,1,3,5,2,0,255,0,255,0,255,0,255,0,255,0,255,0,255,0,255,0,255,0,255,0
8,5,5,5,1,36,15,60,110,3,3,2,4,3,2,2,0,3,255,0,1,3,5,2,0,255,0,255,0,255,0,255,0,255,0,255,0,255,0,255,0,255,0,255,0
8,6,5,5,1,42,16,80,130,3,4,2,4,3,2,2,0,3,255,0,1,3,5,2,0,255,0,255,0,255,0,255,0,255,0,255,0,255,0,255,0,255,0,255,0
8,7,5,6,1,50,18,125,375,5,5,0,2,3,0,251,1,3,2,10,0,18,4,4,0,255,0,255,0,255,0,255,0,255,0,255,0,255,0,255,0,255,0,255,0
8,8,5,6,2,60,19,145,400,5,6,0,2,3,0,250,1,3,2,18,0,18,4,6,0,255,0,255,0,255,0,255,0,255,0,255,0,255,0,255,0,255,0,255,0
8,9,5,6,2,70,20,180,600,5,6,0,2,3,0,249,1,3,2,36,0,18,4,8,0,255,0,255,0,255,0,255,0,255,0,255,0,255,0,255,0,255,0,255,0
8,10,5,6,2,70,20,180,600,5,6,0,2,3,0,249,1,3,2,36,0,18,4,8,0,255,0,255,0,255,0,255,0,255,0,255,0,255,0,255,0,255,0,255,0
8,11,5,6,2,70,20,180,600,5,6,0,2,3,0,249,1,3,2,36,0,18,4,8,0,255,0,255,0,255,0,255,0,255,0,255,0,255,0,255,0,255,0,255,0
8,12,5,6,2,70,20,180,600,5,6,0,2,3,0,249,1,3,2,36,0,18,4,8,0,255,0,255,0,255,0,255,0,255,0,255,0,255,0,255,0,255,0,255,0
8,13,5,6,2,70,20,180,600,5,6,0,2,3,0,249,1,3,2,36,0,18,4,8,0,255,0,255,0,255,0,255,0,255,0,255,0,255,0,255,0,255,0,255,0
8,14,5,6,2,70,20,180,600,5,6,0,2,3,0,249,1,3,2,36,0,18,4,8,0,255,0,255,0,255,0,255,0,255,0,255,0,255,0,255,0,255,0,255,0
8,15,5,6,2,70,20,180,600,5,6,0,2,3,0,249,1,3,2,36,0,18,4,8,0,255,0,255,0,255,0,255,0,255,0,255,0,255,0,255,0,255,0,255,0
9,1,7,2,1,12,7,8,20,0,1,4,10,65,0,1,0,115,255,2,0,115,1,0,0,255,0,255,0,255,0,255,0,255,0,255,0,255,0,255,0,255,0,255,0
9,2,7,2,1,16,8,12,35,0,1,4,10,65,0,2,0,115,0,3,0,115,2,0,0,255,0,255,0,255,0,255,0,255,0,255,0,255,0,255,0,255,0,255,0
9,3,7,2,1,21,9,17,60,2,1,4,9,65,0,3,0,115,1,4,0,115,3,1,0,255,0,255,0,255,0,255,0,255,0,255,0,255,0,255,0,255,0,255,0
9,4,7,3,1,26,11,25,150,2,3,3,9,40,0,4,0,40,0,3,0,40,2,1,0,255,0,255,0,255,0,255,0,255,0,255,0,255,0,255,0,255,0,255,0
9,5,7,3,1,32,13,35,200,4,3,3,8,40,0,5,0,40,1,4,0,40,3,2,0,255,0,255,0,255,0,255,0,255,0,255,0,255,0,255,0,255,0,255,0
9,6,7,3,1,39,15,47,250,6,4,3,8,40,0,7,0,40,2,5,0,40,3,3,0,255,0,255,0,255,0,255,0,255,0,255,0,255,0,255,0,255,0,255,0
9,7,7,4,1,45,17,60,400,7,5,3,7,42,0,8,0,42,3,4,0,42,3,2,0,255,0,255,0,255,0,255,0,255,0,255,0,255,0,255,0,255,0,255,0
9,8,7,5,1,50,18,80,500,9,6,3,7,42,255,10,2,42,2,5,0,42,3,3,0,255,0,255,0,255,0,255,0,255,0,255,0,255,0,255,0,255,0,255,0
9,9,7,6,1,55,19,100,600,11,7,3,6,42,255,12,2,42,2,6,0,42,3,4,0,255,0,255,0,255,0,255,0,255,0,255,0,255,0,255,0,255,0,255,0
9,10,7,7,1,60,20,120,800,12,8,0,6,42,255,15,2,42,3,8,0,42,4,4,0,255,0,255,0,255,0,255,0,255,0,255,0,255,0,255,0,255,0,255,0
9,11,7,8,1,70,21,140,900,15,9,0,5,42,255,20,2,42,3,9,0,42,4,5,0,255,0,255,0,255,0,255,0,255,0,255,0,255,0,255,0,255,0,255,0
9,12,7,9,1,80,22,165,1000,18,9,0,5,42,255,30,2,42,3,10,0,42,4,8,0,255,0,255,0,255,0,255,0,255,0,255,0,255,0,255,0,255,0,255,0
9,13,7,9,1,80,22,165,1000,18,9,0,5,42,255,30,2,42,3,10,0,42,4,8,0,255,0,255,0,255,0,255,0,255,0,255,0,255,0,255,0,255,0,255,0
9,14,7,9,1,80,22,165,1000,18,9,0,5,42,255,30,2,42,3,10,0,42,4,8,0,255,0,255,0,255,0,255,0,255,0,255,0,255,0,255,0,255,0,255,0
9,15,7,9,1,80,22,165,1000,18,9,0,5,42,255,30,2,42,3,10,0,42,4,8,0,255,0,255,0,255,0,255,0,255,0,255,0,255,0,255,0,255,0,255,0
10,1,6,3,1,1,120,0,36,0,1,10,8,0,0,0,0,0,0,0,0,0,0,0,0,8,1,8,1,8,1,8,1,8,1,8,1,8,1,8,1,7,1,7,2
10,2,6,3,1,1,120,0,45,0,1,10,8,0,0,0,0,0,0,0,0,0,0,0,0,8,1,8,2,8,1,8,2,8,2,11,1,11,1,7,1,7,2,7,3
10,3,6,3,1,1,120,0,75,0,1,10,7,0,0,0,0,0,0,0,0,0,0,0,0,8,2,8,2,8,2,8,3,8,3,11,2,11,2,3,3,3,2,9,1
10,4,6,4,1,24,14,50,200,5,2,9,7,2,3,0,0,2,1,0,0,2,255,4,0,6,3,6,5,8,5,6,4,21,4,8,9,4,3,7,10,0,3,9,4
10,5,6,4,1,26,15,80,300,8,3,9,7,2,4,2,0,2,2,4,0,2,255,8,0,6,4,6,6,8,7,7,11,21,5,10,5,4,4,7,11,0,4,9,5
10,6,6,4,1,28,16,110,400,12,4,9,6,2,5,4,0,2,3,6,2,2,255,12,0,6,6,6,8,8,9,7,12,21,6,10,6,4,5,7,12,0,5,9,6
10,7,6,5,1,40,17,275,600,15,3,7,6,2,6,0,0,7,2,250,2,2,2,0,0,255,0,255,0,255,0,255,0,255,0,255,0,255,0,255,0,255,0,255,0
10,8,6,5,1,45,18,325,800,18,4,7,6,2,6,2,0,7,4,252,2,2,4,2,0,255,0,255,0,255,0,255,0,255,0,255,0,255,0,255,0,255,0,255,0
10,9,6,5,1,50,19,390,1000,21,5,7,5,2,6,4,0,7,6,254,2,2,6,4,0,255,0,255,0,255,0,255,0,255,0,255,0,255,0,255,0,255,0,255,0
10,10,8,6,1,60,20,500,1500,25,12,0,5,0,0,0,0,0,0,0,0,0,0,0,0,6,10,3,10,1,8,1,6,21,9,4,7,4,6,20,7,10,10,9,8
10,11,8,7,1,60,21,600,2500,30,13,0,4,0,0,0,0,0,0,0,0,0,0,0,0,6,11,3,10,1,8,1,7,21,9,4,8,4,7,20,8,10,11,9,9
10,12,8,8,1,75,23,700,4000,40,14,0,3,0,0,0,0,0,0,0,0,0,0,0,0,6,11,3,11,1,9,1,8,21,10,4,9,4,8,20,10,10,12,9,10
10,13,8,10,1,75,25,800,10000,50,15,0,2,0,0,0,0,0,0,0,0,0,0,0,0,6,12,3,12,1,9,1,11,21,10,4,10,4,9,20,12,10,12,9,10
10,14,8,10,1,75,25,800,10000,50,15,0,2,0,0,0,0,0,0,0,0,0,0,0,0,6,12,3,12,1,9,1,11,21,10,4,10,4,9,20,12,10,12,9,10
10,15,8,10,1,75,25,800,10000,50,15,0,2,0,0,0,0,0,0,0,0,0,0,0,0,6,12,3,12,1,9,1,11,21,10,4,10,4,9,20,12,10,12,9,10
11,1,7,3,1,22,15,25,250,0,2,2,6,1,0,0,0,1,0,1,0,1,0,2,2,255,0,255,0,255,0,255,0,255,0,255,0,255,0,255,0,255,0,255,0
11,2,7,3,1,26,16,31,300,0,2,2,6,1,1,0,0,1,0,2,0,1,0,4,2,255,0,255,0,255,0,255,0,255,0,255,0,255,0,255,0,255,0,255,0
11,3,7,3,1,30,17,40,350,2,3,2,5,1,2,0,0,1,1,3,0,1,0,6,2,255,0,255,0,255,0,255,0,255,0,255,0,255,0,255,0,255,0,255,0
11,4,7,3,1,35,18,55,400,2,3,2,5,1,2,0,0,1,1,5,0,1,0,8,2,255,0,255,0,255,0,255,0,255,0,255,0,255,0,255,0,255,0,255,0
11,5,7,4,1,45,20,80,500,4,4,0,3,1,3,4,0,1,0,2,1,1,254,19,0,255,0,255,0,255,0,255,0,255,0,255,0,255,0,255,0,255,0,255,0
11,6,7,4,1,55,21,105,600,6,5,0,3,1,3,8,0,1,0,3,1,1,254,27,0,255,0,255,0,255,0,255,0,255,0,255,0,255,0,255,0,255,0,255,0
11,7,7,5,1,65,22,130,700,7,6,0,2,1,4,12,0,1,0,4,1,1,254,65,0,255,0,255,0,255,0,255,0,255,0,255,0,255,0,255,0,255,0,255,0
11,8,7,5,1,75,23,160,850,9,8,0,2,1,5,16,0,1,0,5,1,1,254,65,0,255,0,255,0,255,0,255,0,255,0,255,0,255,0,255,0,255,0,255,0
11,9,7,5,1,75,23,160,850,9,8,0,2,1,5,16,0,1,0,5,1,1,254,65,0,255,0,255,0,255,0,255,0,255,0,255,0,255,0,255,0,255,0,255,0
11,10,7,5,1,75,23,160,850,9,8,0,2,1,5,16,0,1,0,5,1,1,254,65,0,255,0,255,0,255,0,255,0,255,0,255,0,255,0,255,0,255,0,255,0
11,11,7,5,1,75,23,160,850,9,8,0,2,1,5,16,0,1,0,5,1,1,254,65,0,255,0,255,0,255,0,255,0,255,0,255,0,255,0,255,0,255,0,255,0
11,12,7,5,1,75,23,160,850,9,8,0,2,1,5,16,0,1,0,5,1,1,254,65,0,255,0,255,0,255,0,255,0,255,0,255,0,255,0,255,0,255,0,255,0
11,13,7,5,1,75,23,160,850,9,8,0,2,1,5,16,0,1,0,5,1,1,254,65,0,255,0,255,0,255,0,255,0,255,0,255,0,255,0,255,0,255,0,255,0
11,14,7,5,1,75,23,160,850,9,8,0,2,1,5,16,0,1,0,5,1,1,254,65,0,255,0,255,0,255,0,255,0,255,0,255,0,255,0,255,0,255,0,255,0
11,15,7,5,1,75,23,160,850,9,8,0,2,1,5,16,0,1,0,5,1,1,254,65,0,255,0,255,0,255,0,255,0,255,0,255,0,255,0,255,0,255,0,255,0
12,1,10,5,1,20,12,32,250,8,3,2,6,42,0,6,0,2,2,2,0,2,1,0,0,255,0,255,0,255,0,255,0,255,0,255,0,255,0,255,0,255,0,255,0
12,2,10,5,1,22,12,40,300,10,3,2,6,42,0,7,0,2,2,2,0,2,1,0,0,255,0,255,0,255,0,255,0,255,0,255,0,255,0,255,0,255,0,255,0
12,3,10,5,1,24,14,60,350,12,3,2,5,42,0,8,0,2,2,3,0,2,2,0,0,255,0,255,0,255,0,255,0,255,0,255,0,255,0,255,0,255,0,255,0
12,4,10,6,1,28,14,100,500,18,6,2,4,83,0,8,0,2,2,3,0,1,2,0,0,255,0,255,0,255,0,255,0,255,0,255,0,255,0,255,0,255,0,255,0
12,5,10,6,1,32,15,120,600,21,6,0,4,83,0,8,0,2,2,3,0,1,2,0,0,255,0,255,0,255,0,255,0,255,0,255,0,255,0,255,0,255,0,255,0
12,6,10,6,1,36,16,140,700,24,6,0,3,83,0,9,0,2,2,4,0,1,2,0,0,255,0,255,0,255,0,255,0,255,0,255,0,255,0,255,0,255,0,255,0
12,7,10,7,1,40,17,200,800,30,8,0,3,42,0,10,0,42,1,4,2,42,2,2,0,255,0,255,0,255,0,255,0,255,0,255,0,255,0,255,0,255,0,255,0
12,8,10,7,1,45,18,240,900,40,10,0,3,42,0,12,0,42,1,6,2,42,3,3,0,255,0,255,0,255,0,255,0,255,0,255,0,255,0,255,0,255,0,255,0
12,9,10,7,1,50,19,320,1000,60,12,0,2,42,0,14,0,42,1,8,2,42,4,4,0,255,0,255,0,255,0,255,0,255,0,255,0,255,0,255,0,255,0,255,0
12,10,10,7,1,50,19,320,1000,60,12,0,2,42,0,14,0,42,1,8,2,42,4,4,0,255,0,255,0,255,0,255,0,255,0,255,0,255,0,255,0,255,0,255,0
12,11,10,7,1,50,19,320,1000,60,12,0,2,42,0,14,0,42,1,8,2,42,4,4,0,255,0,255,0,255,0,255,0,255,0,255,0,255,0,255,0,255,0,255,0
12,12,10,7,1,50,19,320,1000,60,12,0,2,42,0,14,0,42,1,8,2,42,4,4,0,255,0,255,0,255,0,255,0,255,0,255,0,255,0,255,0,255,0,255,0
12,13,10,7,1,50,19,320,1000,60,12,0,2,42,0,14,0,42,1,8,2,42,4,4,0,255,0,255,0,255,0,255,0,255,0,255,0,255,0,255,0,255,0,255,0
12,14,10,7,1,50,19,320,1000,60,12,0,2,42,0,14,0,42,1,8,2,42,4,4,0,255,0,255,0,255,0,255,0,255,0,255,0,255,0,255,0,255,0,255,0
12,15,10,7,1,50,19,260,1000,18,12,0,2,42,0,14,0,42,1,8,2,42,4,4,0,255,0,255,0,255,0,255,0,255,0,255,0,255,0,255,0,255,0,255,0
13,1,10,5,1,25,15,50,300,4,3,3,4,103,255,4,0,103,0,2,0,11,3,0,0,255,0,255,0,255,0,255,0,255,0,255,0,255,0,255,0,255,0,255,0
13,2,10,5,1,27,16,70,400,5,3,3,4,103,255,6,0,103,0,3,0,11,3,0,0,255,0,255,0,255,0,255,0,255,0,255,0,255,0,255,0,255,0,255,0
13,3,10,5,1,29,17,90,500,6,4,2,4,103,255,8,0,103,0,4,0,11,3,0,0,255,0,255,0,255,0,255,0,255,0,255,0,255,0,255,0,255,0,255,0
13,4,10,5,1,31,18,120,600,7,4,2,4,103,255,10,0,103,0,8,0,11,3,0,0,255,0,255,0,255,0,255,0,255,0,255,0,255,0,255,0,255,0,255,0
13,5,10,6,1,36,19,160,800,8,5,0,3,42,255,20,0,42,0,8,0,12,4,0,0,255,0,255,0,255,0,255,0,255,0,255,0,255,0,255,0,255,0,255,0
13,6,10,6,1,42,20,200,900,9,5,0,3,42,255,25,0,42,0,9,0,12,4,0,0,255,0,255,0,255,0,255,0,255,0,255,0,255,0,255,0,255,0,255,0
13,7,10,6,1,48,22,300,1000,10,6,0,3,42,255,30,0,42,1,10,0,12,5,0,0,255,0,255,0,255,0,255,0,255,0,255,0,255,0,255,0,255,0,255,0
13,8,10,6,1,60,24,400,1200,11,6,0,3,42,255,35,0,42,1,11,0,12,6,0,0,255,0,255,0,255,0,255,0,255,0,255,0,255,0,255,0,255,0,255,0
13,9,10,6,1,60,24,400,1200,11,6,0,3,42,255,35,0,42,1,11,0,12,6,0,0,255,0,255,0,255,0,255,0,255,0,255,0,255,0,255,0,255,0,255,0
13,10,10,6,1,60,24,400,1200,11,6,0,3,42,255,35,0,42,1,11,0,12,6,0,0,255,0,255,0,255,0,255,0,255,0,255,0,255,0,255,0,255,0,255,0
13,11,10,6,1,60,24,400,1200,11,6,0,3,42,255,35,0,42,1,11,0,12,6,0,0,255,0,255,0,255,0,255,0,255,0,255,0,255,0,255,0,255,0,255,0
13,12,10,6,1,60,24,400,1200,11,6,0,3,42,255,35,0,42,1,11,0,12,6,0,0,255,0,255,0,255,0,255,0,255,0,255,0,255,0,255,0,255,0,255,0
13,13,10,6,1,60,24,400,1200,11,6,0,3,42,255,35,0,42,1,11,0,12,6,0,0,255,0,255,0,255,0,255,0,255,0,255,0,255,0,255,0,255,0,255,0
13,14,10,6,1,60,24,400,1200,11,6,0,3,42,255,35,0,42,1,11,0,12,6,0,0,255,0,255,0,255,0,255,0,255,0,255,0,255,0,255,0,255,0,255,0
13,15,10,6,1,60,24,400,1200,11,6,0,3,42,255,35,0,42,1,11,0,12,6,0,0,255,0,255,0,255,0,255,0,255,0,255,0,255,0,255,0,255,0,255,0
14,1,1,5,1,30,13,250,200,16,6,2,3,6,0,2,4,6,1,1,0,6,2,0,0,15,4,8,8,12,4,6,6,1,4,1,2,10,5,20,4,4,4,9,4
14,2,1,5,1,32,14,285,250,20,7,2,3,6,0,4,4,6,1,2,0,6,2,0,0,15,5,8,9,12,5,6,7,1,5,1,3,10,6,20,5,4,5,9,4
14,3,1,5,1,34,15,320,300,25,8,2,3,6,1,6,4,6,2,3,0,6,3,0,0,15,6,8,10,12,6,6,8,1,6,1,4,10,7,20,6,4,6,9,5
14,4,1,5,1,36,16,350,350,30,8,2,3,6,1,8,4,6,2,4,0,6,4,0,0,15,7,8,11,12,7,6,9,1,7,1,5,10,8,20,7,4,7,9,5
14,5,1,6,1,45,18,400,600,40,10,0,1,2,0,10,0,2,0,6,0,2,1,4,0,1,6,1,8,4,5,4,6,0,5,6,10,8,11,3,7,20,5,9,6
14,6,1,6,1,47,19,460,700,60,11,0,1,2,1,12,0,2,1,7,0,2,2,5,0,1,7,1,9,4,6,4,7,0,5,6,10,8,12,3,7,20,6,9,7
14,7,1,6,1,49,20,520,800,70,12,0,1,2,2,14,0,2,2,8,0,2,3,6,0,1,8,1,10,4,7,4,8,0,6,6,11,8,12,3,8,20,8,9,8
14,8,1,6,1,52,21,600,1000,80,13,0,1,2,3,16,0,2,3,9,0,2,4,7,0,1,9,1,11,4,8,4,9,0,7,6,11,8,12,3,10,20,10,9,9
14,9,1,6,1,52,21,700,5000,90,13,0,1,2,3,16,0,2,3,9,0,2,4,7,0,1,10,1,12,4,9,4,11,0,7,6,12,8,12,3,12,20,12,9,11
14,10,1,6,1,52,21,700,5000,90,13,0,1,2,3,16,0,2,3,9,0,2,4,7,0,1,10,1,12,4,9,4,11,0,7,6,12,8,12,3,12,20,12,9,11
14,11,1,6,1,52,21,700,5000,90,13,0,1,2,3,16,0,2,3,9,0,2,4,7,0,1,10,1,12,4,9,4,11,0,7,6,12,8,12,3,12,20,12,9,11
14,12,1,6,1,52,21,700,5000,90,13,0,1,2,3,16,0,2,3,9,0,2,4,7,0,1,10,1,12,4,9,4,11,0,7,6,12,8,12,3,12,20,12,9,11
14,13,1,6,1,52,21,700,5000,90,13,0,1,2,3,16,0,2,3,9,0,2,4,7,0,1,10,1,12,4,9,4,11,0,7,6,12,8,12,3,12,20,12,9,11
14,14,1,6,1,52,21,700,5000,90,13,0,1,2,3,16,0,2,3,9,0,2,4,7,0,1,10,1,12,4,9,4,11,0,7,6,12,8,12,3,12,20,12,9,11
14,15,1,6,1,52,21,700,5000,90,13,0,1,2,3,16,0,2,3,9,0,2,4,7,0,1,10,1,12,4,9,4,11,0,7,6,12,8,12,3,12,20,12,9,11
15,1,9,4,1,24,16,300,400,30,7,0,2,2,3,6,0,3,3,10,0,4,253,40,0,6,7,4,3,1,3,8,9,0,4,3,3,1,2,12,5,11,12,15,6
15,2,9,4,1,26,17,330,600,34,8,0,2,2,4,6,0,3,3,15,0,4,253,45,0,6,8,4,4,1,4,8,10,0,5,3,4,1,3,12,5,11,12,15,7
15,3,9,5,1,28,18,380,800,38,9,0,2,2,5,8,0,3,4,20,0,4,253,50,0,6,9,4,5,1,5,8,11,0,6,3,5,1,4,12,6,11,12,15,8
15,4,9,5,1,32,19,450,1000,45,9,0,2,2,5,8,0,3,4,25,0,4,253,60,0,6,10,4,6,1,6,8,12,0,7,3,6,1,4,12,6,11,12,15,9
15,5,9,6,1,38,20,600,1600,60,12,0,1,2,255,10,0,3,1,5,0,5,252,100,0,6,11,4,8,1,5,1,7,0,8,3,7,2,6,12,8,10,10,4,5
15,6,9,6,1,44,20,750,3200,80,12,0,1,2,255,20,0,3,2,8,0,5,252,125,0,6,12,4,9,1,6,1,8,0,9,3,8,2,7,12,9,10,11,4,6
15,7,9,8,1,50,20,600,4400,100,13,0,1,2,255,30,0,3,3,12,0,5,252,150,0,6,12,4,10,1,7,1,9,0,10,3,8,2,8,12,10,10,12,4,6
15,8,9,8,1,60,21,700,6000,120,14,0,1,2,255,40,0,3,4,15,0,5,252,175,0,6,12,4,11,1,8,1,12,0,11,3,9,2,8,12,11,10,12,4,7
15,9,9,8,1,60,21,700,6000,120,14,0,1,2,255,40,0,3,4,15,0,5,252,175,0,6,12,4,11,1,8,1,12,0,11,3,9,2,8,12,12,10,12,4,7
15,10,9,8,1,60,21,700,6000,120,14,0,1,2,255,40,0,3,4,15,0,5,252,175,0,6,12,4,11,1,8,1,12,0,11,3,9,2,8,12,12,10,12,4,7
15,11,9,8,1,60,21,700,6000,120,14,0,1,2,255,40,0,3,4,15,0,5,252,175,0,6,12,4,11,1,8,1,12,0,11,3,9,2,8,12,12,10,12,4,7
15,12,9,8,1,60,21,700,6000,120,14,0,1,2,255,40,0,3,4,15,0,5,252,175,0,6,12,4,11,1,8,1,12,0,11,3,9,2,8,12,12,10,12,4,7
15,13,9,8,1,60,21,700,6000,120,14,0,1,2,255,40,0,3,4,15,0,5,252,175,0,6,12,4,11,1,8,1,12,0,11,3,9,2,8,12,12,10,12,4,7
15,14,9,8,1,60,21,700,6000,120,14,0,1,2,255,40,0,3,4,15,0,5,252,175,0,6,12,4,11,1,8,1,12,0,11,3,9,2,8,12,12,10,12,4,7
15,15,9,8,1,60,21,700,6000,120,14,0,1,2,255,40,0,3,4,15,0,5,252,175,0,6,12,4,11,1,8,1,12,0,11,3,9,2,8,12,12,10,12,4,7
16,1,1,3,1,16,8,9,20,2,4,4,6,2,2,255,0,2,0,1,0,2,255,4,0,8,1,8,1,8,1,8,1,8,1,8,1,8,1,8,1,8,1,8,1
16,2,1,3,1,20,9,14,30,3,4,4,5,2,1,1,0,2,1,0,0,2,0,3,0,8,2,8,2,8,1,8,1,8,1,6,1,6,1,6,1,6,1,6,1
16,3,1,3,1,24,10,19,40,4,4,4,4,2,1,2,0,2,1,1,0,2,1,3,0,8,3,8,3,8,1,6,2,6,2,6,2,6,2,7,2,7,2,7,2
16,4,1,3,1,28,11,24,50,6,4,4,4,2,2,3,0,2,2,2,0,2,2,3,0,8,4,8,4,8,2,6,4,6,4,6,4,6,4,7,3,7,3,7,3
16,5,1,4,1,32,12,34,120,9,5,2,3,40,4,0,0,40,2,1,0,40,0,4,0,8,5,8,5,8,5,6,4,6,4,6,4,6,4,1,5,1,5,1,5
16,6,1,4,1,36,13,44,150,12,7,2,3,40,4,3,0,40,2,3,0,40,0,6,0,8,6,8,6,6,5,6,5,6,5,1,3,1,3,1,3,11,4,11,4
16,7,1,4,2,40,14,64,180,14,9,2,3,40,4,3,0,40,2,6,0,40,1,8,0,8,8,8,8,6,6,6,6,1,4,1,4,11,5,11,5,3,5,10,3
16,8,1,4,2,44,18,94,240,16,9,2,3,40,6,5,0,40,2,8,0,40,1,12,0,8,9,6,8,1,5,11,6,10,4,20,4,8,7,6,6,1,4,11,6
16,9,1,4,2,44,18,94,240,16,9,2,3,40,6,5,0,40,2,8,0,40,1,12,0,8,9,6,8,1,5,11,6,10,4,20,4,8,7,6,6,1,4,11,6
16,10,1,4,2,44,18,94,240,16,9,2,3,40,6,5,0,40,2,8,0,40,1,12,0,8,9,6,8,1,5,11,6,10,4,20,4,8,7,6,6,1,4,11,6
16,11,1,4,2,44,18,94,240,16,9,2,3,40,6,5,0,40,2,8,0,40,1,12,0,8,9,6,8,1,5,11,6,10,4,20,4,8,7,6,6,1,4,11,6
16,12,1,4,2,44,18,94,240,16,9,2,3,40,6,5,0,40,2,8,0,40,1,12,0,8,9,6,8,1,5,11,6,10,4,20,4,8,7,6,6,1,4,11,6
16,13,1,4,2,44,18,94,240,16,9,2,3,40,6,5,0,40,2,8,0,40,1,12,0,8,9,6,8,1,5,11,6,10,4,20,4,8,7,6,6,1,4,11,6
16,14,1,4,2,44,18,94,240,16,9,2,3,40,6,5,0,40,2,8,0,40,1,12,0,8,9,6,8,1,5,11,6,10,4,20,4,8,7,6,6,1,4,11,6
16,15,1,4,2,44,18,94,240,16,9,2,3,40,6,5,0,40,2,8,0,40,1,12,0,8,9,6,8,1,5,11,6,10,4,20,4,8,7,6,6,1,4,11,6
17,1,1,5,1,24,15,250,600,45,10,0,2,67,255,6,0,67,0,3,0,67,1,1,0,8,12,6,7,4,4,3,6,9,6,10,7,0,4,4,4,3,4,7,6
17,2,1,5,1,28,16,275,700,60,10,0,2,67,0,7,0,67,1,4,0,67,2,2,0,8,12,6,8,4,5,3,7,9,6,10,7,0,5,6,6,4,4,7,7
17,3,1,6,1,32,17,300,800,75,11,0,2,67,0,8,0,67,1,5,0,67,3,3,0,8,12,6,8,4,5,3,7,9,7,10,8,0,5,8,7,6,6,4,4
17,4,1,6,1,36,18,330,900,90,11,0,2,67,0,9,0,67,1,6,0,67,4,4,0,8,12,6,9,4,5,3,8,9,7,10,8,0,6,20,4,6,7,4,5
17,5,8,7,1,40,20,400,2700,125,12,0,2,2,255,12,0,42,1,6,0,42,4,4,0,6,9,1,7,4,5,4,7,3,6,1,8,9,7,2,4,0,6,20,5
17,6,8,7,1,45,21,500,3000,150,13,0,2,2,255,16,0,42,1,8,0,42,4,6,0,6,10,1,8,4,6,4,8,3,7,1,8,9,8,2,5,0,7,20,5
17,7,8,7,1,50,22,600,3400,175,14,0,2,2,255,18,0,42,1,10,0,42,4,8,0,6,10,1,9,4,7,4,9,3,8,1,9,9,9,2,6,0,8,20,6
17,8,8,11,2,60,24,700,10000,200,15,0,2,2,255,24,2,42,2,12,0,42,4,10,0,6,12,1,10,4,8,4,10,3,9,1,10,9,10,2,7,0,9,20,9
17,9,8,11,2,60,24,700,10000,200,15,0,2,2,255,24,2,42,2,12,0,42,4,10,0,6,12,1,10,4,8,4,10,3,9,1,10,9,10,2,7,0,9,20,9
17,10,8,11,2,60,24,700,10000,200,15,0,2,2,255,24,2,42,2,12,0,42,4,10,0,6,12,1,10,4,8,4,10,3,9,1,10,9,10,2,7,0,9,20,9
17,11,8,11,2,60,24,700,10000,200,15,0,2,2,255,24,2,42,2,12,0,42,4,10,0,6,12,1,10,4,8,4,10,3,9,1,10,9,10,2,7,0,9,20,9
17,12,8,11,2,60,24,700,10000,200,15,0,2,2,255,24,2,42,2,12,0,42,4,10,0,6,12,1,10,4,8,4,10,3,9,1,10,9,10,2,7,0,9,20,9
17,13,8,11,2,60,24,700,10000,200,15,0,2,2,255,24,2,42,2,12,0,42,4,10,0,6,12,1,10,4,8,4,10,3,9,1,10,9,10,2,7,0,9,20,9
17,14,8,11,2,60,24,700,10000,200,15,0,2,2,255,24,2,42,2,12,0,42,4,10,0,6,12,1,10,4,8,4,10,3,9,1,10,9,10,2,7,0,9,20,9
17,15,8,11,2,60,24,700,10000,200,15,0,2,2,255,24,2,42,2,12,0,42,4,10,0,6,12,1,10,4,8,4,10,3,9,1,10,9,10,2,7,0,9,20,9
18,1,12,2,1,25,15,32,120,0,2,5,10,92,255,10,0,92,0,6,0,92,1,4,0,255,0,255,0,255,0,255,0,255,0,255,0,255,0,255,0,255,0,255,0
18,2,12,2,1,29,16,52,140,0,3,4,10,92,0,12,0,92,1,8,0,92,2,6,0,255,0,255,0,255,0,255,0,255,0,255,0,255,0,255,0,255,0,255,0
18,3,12,2,1,33,17,75,160,2,4,3,9,92,0,16,0,92,1,10,0,92,3,8,0,255,0,255,0,255,0,255,0,255,0,255,0,255,0,255,0,255,0,255,0
18,4,12,3,1,40,18,100,400,2,5,0,9,41,255,18,0,41,1,8,0,41,4,4,0,255,0,255,0,255,0,255,0,255,0,255,0,255,0,255,0,255,0,255,0
18,5,12,3,1,45,19,150,500,4,6,0,8,41,0,20,0,41,1,10,0,41,4,6,0,255,0,255,0,255,0,255,0,255,0,255,0,255,0,255,0,255,0,255,0
18,6,12,3,1,50,20,200,600,6,7,0,8,41,1,24,0,41,1,12,0,41,4,8,0,255,0,255,0,255,0,255,0,255,0,255,0,255,0,255,0,255,0,255,0
18,7,12,4,1,70,20,250,1000,7,8,0,7,65,254,25,0,65,1,12,0,65,5,3,0,8,10,6,8,4,10,8,10,1,4,1,5,8,12,4,8,1,6,21,7
18,8,12,5,1,90,21,300,2000,9,9,0,7,65,255,30,0,65,1,15,0,65,6,5,2,8,11,6,9,4,11,8,11,1,4,1,5,1,5,3,5,20,3,9,11
18,9,12,6,1,110,22,350,6000,11,10,0,6,65,2,35,0,65,1,18,0,65,6,8,2,8,12,6,10,4,11,8,11,1,6,1,7,1,8,3,8,20,4,20,6
18,10,12,6,2,110,22,400,9000,11,11,0,6,65,2,35,0,65,1,18,0,65,6,8,2,8,12,6,12,4,12,8,12,1,6,1,7,1,8,3,8,20,4,20,6
18,11,12,6,2,110,22,400,9000,11,12,0,6,65,2,35,0,65,1,18,0,65,6,8,2,8,12,6,12,4,12,8,12,1,6,1,7,1,8,3,8,20,4,20,6
18,12,12,6,2,110,22,400,9000,11,12,0,6,65,2,35,0,65,1,18,0,65,6,8,2,8,12,6,12,4,12,8,12,1,6,1,7,1,8,3,8,20,4,20,6
18,13,12,6,2,110,22,400,9000,11,12,0,6,65,2,35,0,65,1,18,0,65,6,8,2,8,12,6,12,4,12,8,12,1,6,1,7,1,8,3,8,20,4,20,6
18,14,12,6,2,110,22,400,9000,11,12,0,6,65,2,35,0,65,1,18,0,65,6,8,2,8,12,6,12,4,12,8,12,1,6,1,7,1,8,3,8,20,4,20,6
18,15,12,6,2,110,22,400,9000,11,12,0,6,65,2,35,0,65,1,18,0,65,6,8,2,8,12,6,12,4,12,8,12,1,6,1,7,1,8,3,8,20,4,20,6
19,1,11,2,1,12,7,6,20,0,1,6,10,65,0,1,0,101,1,0,0,8,254,2,0,255,0,255,0,255,0,255,0,255,0,255,0,255,0,255,0,255,0,255,0
19,2,11,2,1,16,8,13,30,0,1,7,10,65,1,1,0,115,1,0,0,8,255,2,0,255,0,255,0,255,0,255,0,255,0,255,0,255,0,255,0,255,0,255,0
19,3,11,2,1,20,9,20,40,1,1,8,9,65,1,0,0,57,2,0,0,8,0,2,0,255,0,255,0,255,0,255,0,255,0,255,0,255,0,255,0,255,0,255,0
19,4,11,3,1,24,10,30,60,2,2,5,9,40,1,0,0,115,2,0,0,101,1,2,0,255,0,255,0,255,0,255,0,255,0,255,0,255,0,255,0,255,0,255,0
19,5,11,3,1,26,12,40,80,4,2,6,8,40,1,0,0,57,3,0,0,101,1,2,0,255,0,255,0,255,0,255,0,255,0,255,0,255,0,255,0,255,0,255,0
19,6,11,3,1,28,13,50,100,6,2,7,8,40,1,0,0,102,3,0,0,101,1,2,0,255,0,255,0,255,0,255,0,255,0,255,0,255,0,255,0,255,0,255,0
19,7,11,4,1,32,16,65,130,7,3,4,7,38,1,1,0,102,4,0,0,115,2,2,0,255,0,255,0,255,0,255,0,255,0,255,0,255,0,255,0,255,0,255,0
19,8,11,5,1,36,17,80,180,9,3,5,7,38,1,3,2,40,4,0,0,115,2,3,0,255,0,255,0,255,0,255,0,255,0,255,0,255,0,255,0,255,0,255,0
19,9,11,6,1,40,18,100,230,11,3,6,6,38,1,5,2,41,5,0,0,115,2,4,0,255,0,255,0,255,0,255,0,255,0,255,0,255,0,255,0,255,0,255,0
19,10,11,7,1,50,19,125,500,12,4,3,6,58,1,18,0,41,5,0,0,102,2,4,0,255,0,255,0,255,0,255,0,255,0,255,0,255,0,255,0,255,0,255,0
19,11,11,8,1,60,20,150,750,15,5,4,5,58,1,24,0,42,6,0,0,102,3,5,0,255,0,255,0,255,0,255,0,255,0,255,0,255,0,255,0,255,0,255,0
19,12,11,9,2,70,21,175,1000,18,6,5,5,58,1,36,0,42,6,0,0,102,3,6,0,255,0,255,0,255,0,255,0,255,0,255,0,255,0,255,0,255,0,255,0
19,13,11,9,2,70,21,175,1000,18,6,5,5,58,1,36,0,42,6,0,0,102,3,6,0,255,0,255,0,255,0,255,0,255,0,255,0,255,0,255,0,255,0,255,0
19,14,11,9,2,70,21,175,1000,18,6,5,5,58,1,36,0,42,6,0,0,102,3,6,0,255,0,255,0,255,0,255,0,255,0,255,0,255,0,255,0,255,0,255,0
19,15,11,9,2,70,21,175,1000,18,6,5,5,58,1,36,0,42,6,0,0,102,3,6,0,255,0,255,0,255,0,255,0,255,0,255,0,255,0,255,0,255,0,255,0
20,1,11,3,1,20,10,21,70,2,1,4,9,10,0,1,0,10,255,2,0,10,1,255,0,8,1,8,1,8,1,8,1,8,1,8,1,11,1,11,1,11,1,11,1
20,2,11,3,1,25,11,25,80,2,2,3,9,10,0,2,0,10,0,1,0,10,2,0,0,8,2,8,2,8,2,8,2,8,2,8,2,11,3,11,3,11,3,11,3
20,3,11,3,1,30,12,30,90,2,2,3,9,10,0,3,0,10,1,0,0,10,3,1,0,8,4,8,4,8,4,8,4,8,4,8,4,11,4,11,4,11,4,11,4
20,4,11,4,1,35,14,40,180,4,3,2,8,66,255,9,0,102,1,6,0,66,3,4,0,255,0,255,0,255,0,255,0,255,0,255,0,255,0,255,0,255,0,255,0
20,5,11,4,1,40,15,50,200,4,3,2,8,66,255,11,2,102,1,7,0,66,4,5,0,255,0,255,0,255,0,255,0,255,0,255,0,255,0,255,0,255,0,255,0
20,6,11,5,1,50,16,60,225,6,4,2,8,66,255,13,0,102,2,8,0,66,4,6,2,255,0,255,0,255,0,255,0,255,0,255,0,255,0,255,0,255,0,255,0
20,7,11,5,1,60,20,70,600,7,4,2,7,42,255,12,0,42,2,8,0,42,5,3,0,20,6,9,8,1,3,1,3,1,3,7,9,8,5,8,5,11,4,0,4
20,8,11,6,1,70,21,85,700,9,5,2,7,42,255,15,0,42,2,9,0,42,5,4,0,20,7,9,9,1,5,1,5,1,5,7,10,8,7,8,7,11,6,0,6
20,9,11,6,1,80,22,105,800,11,5,1,6,42,255,20,0,42,3,10,0,42,6,5,0,20,8,9,9,1,7,1,7,1,7,7,12,8,9,8,9,11,8,0,8
20,10,11,6,1,80,22,105,800,11,5,1,6,42,255,20,0,42,3,10,0,42,6,5,0,20,8,9,9,1,7,1,7,1,7,7,12,8,9,8,9,11,8,0,8
20,11,11,6,1,80,22,105,800,11,5,1,6,42,255,20,0,42,3,10,0,42,6,5,0,20,8,9,9,1,7,1,7,1,7,7,12,8,9,8,9,11,8,0,8
20,12,11,6,1,80,22,105,800,11,5,1,6,42,255,20,0,42,3,10,0,42,6,5,0,20,8,9,9,1,7,1,7,1,7,7,12,8,9,8,9,11,8,0,8
20,13,11,6,1,80,22,105,800,11,5,1,6,42,255,20,0,42,3,10,0,42,6,5,0,20,8,9,9,1,7,1,7,1,7,7,12,8,9,8,9,11,8,0,8
20,14,11,6,1,80,22,105,800,11,5,1,6,42,255,20,0,42,3,10,0,42,6,5,0,20,8,9,9,1,7,1,7,1,7,7,12,8,9,8,9,11,8,0,8
20,15,11,6,1,80,22,105,800,11,5,1,6,42,255,20,0,42,3,10,0,42,6,5,0,20,8,9,9,1,7,1,7,1,7,7,12,8,9,8,9,11,8,0,8
21,1,11,3,1,14,9,12,30,0,2,5,11,40,2,0,0,115,3,0,0,8,255,5,0,255,1,255,0,255,0,255,0,255,0,255,0,255,0,255,0,255,0,255,0
21,2,11,3,1,17,10,16,40,0,3,5,10,40,1,3,0,115,2,1,0,8,0,3,0,255,0,255,0,255,0,255,0,255,0,255,0,255,0,255,0,255,0,255,0
21,3,11,3,1,20,12,20,50,0,4,5,9,40,1,5,0,115,2,2,0,8,0,2,0,255,0,255,0,255,0,255,0,255,0,255,0,255,0,255,0,255,0,255,0
21,4,1,5,1,25,14,40,200,5,4,0,5,58,2,4,0,41,4,0,0,115,0,3,0,8,2,8,2,8,2,8,2,8,3,6,2,6,2,6,2,7,4,20,2
21,5,1,5,1,30,16,80,300,10,5,0,4,58,2,8,0,41,6,2,0,115,0,4,0,8,4,8,4,8,4,8,4,8,5,6,3,6,3,6,3,7,5,20,3
21,6,1,5,1,35,18,120,400,15,6,0,3,58,2,12,0,41,6,4,0,115,0,5,0,8,6,8,6,8,6,8,6,8,7,6,5,6,5,6,5,7,7,20,4
21,7,1,7,2,50,24,250,600,70,10,3,2,65,3,14,4,115,6,6,0,8,254,30,0,8,10,4,8,6,6,8,12,4,4,6,7,7,12,0,6,21,7,20,8
21,8,1,9,2,60,26,325,900,90,12,3,1,65,3,20,4,115,6,6,0,8,255,40,0,8,12,4,9,6,8,8,12,10,12,20,6,1,7,0,9,21,9,1,9
21,9,1,9,2,60,26,325,900,90,12,3,1,65,3,20,4,115,6,6,0,8,255,40,0,8,12,4,9,6,8,8,12,10,12,20,6,1,7,0,9,21,9,1,9
21,10,1,9,2,60,26,325,900,90,12,3,1,65,3,20,4,115,6,6,0,8,255,40,0,8,12,4,9,6,8,8,12,10,12,20,6,1,7,0,9,21,9,1,9
21,11,1,9,2,60,26,325,900,90,12,3,1,65,3,20,4,115,6,6,0,8,255,40,0,8,12,4,9,6,8,8,12,10,12,20,6,1,7,0,9,21,9,1,9
21,12,1,9,2,60,26,325,900,90,12,3,1,65,3,20,4,115,6,6,0,8,255,40,0,8,12,4,9,6,8,8,12,10,12,20,6,1,7,0,9,21,9,1,9
21,13,1,9,2,60,26,325,900,90,12,3,1,65,3,20,4,115,6,6,0,8,255,40,0,8,12,4,9,6,8,8,12,10,12,20,6,1,7,0,9,21,9,1,9
21,14,1,9,2,60,26,325,900,90,12,3,1,65,3,20,4,115,6,6,0,8,255,40,0,8,12,4,9,6,8,8,12,10,12,20,6,1,7,0,9,21,9,1,9
21,15,1,9,2,60,26,325,900,90,12,3,1,65,3,20,4,115,6,6,0,8,255,40,0,8,12,4,9,6,8,8,12,10,12,20,6,1,7,0,9,21,9,1,9
22,1,2,2,1,21,9,4,30,0,2,4,8,65,1,0,0,115,2,0,0,8,3,0,0,15,1,15,1,15,1,15,1,15,1,8,1,8,1,8,1,11,1,7,1
22,2,2,2,1,22,10,9,55,0,2,4,8,65,1,1,0,57,2,0,0,8,3,0,0,15,2,15,2,15,2,15,2,15,2,8,1,8,1,8,1,11,1,7,2
22,3,2,2,1,23,11,18,85,0,2,4,7,57,1,2,0,115,2,0,0,8,3,0,0,15,3,15,3,15,3,15,3,15,3,8,1,8,1,8,1,11,2,7,2
22,4,2,2,1,24,11,28,120,2,2,5,7,57,1,2,0,102,2,1,0,8,3,0,0,20,1,20,1,20,1,20,1,20,1,8,2,8,2,8,2,11,2,7,3
22,5,2,3,1,25,12,40,150,8,3,5,6,40,1,3,0,115,2,1,0,102,3,0,0,20,1,20,1,20,1,20,1,8,1,8,2,8,2,8,2,11,3,7,3
22,6,2,3,1,27,12,60,180,10,3,5,6,66,1,3,0,40,2,2,0,8,3,0,0,20,1,20,1,20,1,20,1,8,2,8,2,8,2,8,2,11,3,7,4
22,7,2,3,1,30,13,80,210,12,3,6,5,66,1,4,2,104,2,1,0,115,3,0,0,20,2,20,2,20,2,8,3,8,3,11,3,7,4,12,3,15,3,15,3
22,8,2,3,1,33,13,110,250,16,3,6,5,39,1,4,0,66,2,2,2,102,3,1,0,20,2,20,2,20,2,8,3,8,3,11,3,7,5,12,4,15,4,15,4
22,9,2,4,1,37,14,150,290,20,4,6,4,67,1,5,2,57,2,2,0,115,3,1,0,20,2,20,2,8,3,8,4,8,5,11,4,15,5,12,5,15,5,19,3
22,10,2,4,1,40,15,200,350,25,4,7,4,41,1,5,0,40,2,2,0,8,4,2,2,20,3,20,3,8,4,8,5,8,6,11,4,15,6,12,5,15,6,19,3
22,11,2,4,1,43,15,275,400,30,4,7,3,41,1,6,0,104,2,2,0,115,4,2,0,20,3,8,9,8,9,8,7,8,8,15,7,15,7,12,6,0,4,21,6
22,12,2,4,1,46,16,350,500,35,5,7,3,92,1,7,0,66,2,3,2,104,4,3,0,20,3,8,10,8,10,8,9,8,9,15,8,15,8,12,6,0,4,21,6
22,13,2,5,1,50,16,450,600,40,5,8,2,58,1,8,0,104,2,3,0,115,4,3,0,20,4,8,11,8,11,15,9,11,9,6,6,1,4,1,5,0,5,21,7
22,14,2,5,1,54,17,550,750,45,6,8,2,41,1,9,0,57,2,3,0,8,4,4,2,20,4,8,12,8,12,15,10,11,10,6,7,1,5,1,6,0,5,21,7
22,15,2,5,1,58,18,650,1000,50,6,8,1,58,1,10,0,42,2,3,0,115,5,4,0,20,4,8,12,8,12,15,11,11,11,6,8,1,6,1,7,0,6,21,8
23,1,2,2,1,22,9,5,50,0,2,4,9,65,0,0,0,115,0,1,0,8,3,0,0,20,1,20,1,20,1,20,1,20,1,15,1,15,1,15,1,12,1,12,1
23,2,2,2,1,23,10,10,100,0,2,4,9,65,0,1,0,57,1,0,0,8,3,0,0,20,1,20,1,20,1,20,1,20,1,15,2,15,2,15,2,12,1,12,1
23,3,2,2,1,24,11,18,150,0,2,4,8,57,0,1,0,115,1,0,0,8,3,0,0,20,1,20,1,20,1,20,1,20,1,15,2,15,2,15,2,12,2,12,2
23,4,2,2,1,25,12,30,200,1,2,5,8,57,0,2,0,102,1,1,0,8,3,0,0,20,2,20,2,20,2,20,2,20,2,15,3,15,3,15,3,12,2,12,2
23,5,2,3,1,26,13,42,250,10,3,5,7,40,0,2,0,115,1,1,0,102,3,0,0,20,2,20,2,20,2,20,2,20,2,20,2,20,2,20,2,20,2,20,2
23,6,2,3,1,27,13,56,300,15,3,5,7,66,0,2,0,40,1,2,0,8,3,0,0,20,3,20,3,20,3,8,1,8,1,8,1,8,1,8,1,8,1,8,1
23,7,2,3,1,28,14,70,350,25,3,6,6,66,0,2,0,104,1,2,0,115,3,0,0,20,3,20,3,20,3,8,1,8,1,8,1,8,1,8,1,8,1,8,1
23,8,2,3,1,30,14,100,400,35,3,6,6,39,0,3,0,66,1,2,2,102,3,1,0,20,4,20,4,8,2,8,2,8,2,8,2,8,2,15,4,15,4,15,4
23,9,2,4,1,35,15,140,450,40,4,6,5,67,0,3,2,57,1,3,0,115,3,1,0,20,4,20,4,8,2,8,2,8,2,8,3,8,3,15,5,15,5,15,5
23,10,2,4,1,38,16,180,500,45,4,7,5,41,0,3,0,40,1,3,0,8,3,2,2,20,5,20,5,8,3,8,3,7,3,15,5,15,5,15,5,19,3,19,3
23,11,2,4,1,41,17,230,600,50,4,7,4,41,0,4,0,104,1,3,0,115,3,2,2,20,5,20,5,8,3,8,3,7,3,15,6,15,6,15,6,19,3,19,3
23,12,2,4,1,44,18,290,700,55,5,7,4,92,0,4,0,66,2,3,2,104,4,3,0,20,6,20,6,8,4,8,4,7,4,15,7,15,7,19,4,21,6,21,5
23,13,2,5,1,50,19,340,800,60,5,8,3,68,0,6,0,104,2,4,0,115,4,3,2,20,6,20,6,8,4,8,4,7,4,15,8,15,8,19,4,21,7,21,5
23,14,2,5,1,53,20,440,900,65,5,8,3,41,0,8,0,57,2,4,0,8,4,6,2,20,7,8,12,4,5,15,12,15,12,19,5,21,5,0,5,1,8,1,6
23,15,2,5,1,56,21,540,1000,70,5,8,2,68,0,12,2,42,2,4,0,115,4,6,0,20,8,8,12,4,6,15,12,15,12,19,6,21,5,0,6,1,10,1,8
24,1,2,3,1,20,9,8,30,0,3,5,10,65,1,0,0,115,2,0,0,8,0,0,0,255,0,255,0,255,0,255,0,255,0,255,0,255,0,255,0,255,0,255,0
24,2,2,3,1,21,10,10,45,0,3,5,10,65,1,0,0,57,2,0,0,8,2,1,0,255,0,255,0,255,0,255,0,255,0,255,0,255,0,255,0,255,0,255,0
24,3,2,3,1,22,11,20,60,0,3,5,9,57,1,1,0,115,2,0,0,8,2,1,0,255,0,255,0,255,0,255,0,255,0,255,0,255,0,255,0,255,0,255,0
24,4,2,3,1,23,12,30,90,0,3,5,9,57,2,2,0,102,3,1,0,8,2,2,0,8,1,8,1,8,1,8,1,8,1,8,1,8,1,8,1,8,1,8,1
24,5,2,4,1,24,13,40,120,1,3,5,8,40,2,3,0,115,3,1,0,102,2,3,0,8,2,8,2,8,2,8,2,8,2,8,2,8,2,20,1,20,1,20,1
24,6,2,4,1,25,14,50,150,1,4,4,8,66,2,4,0,40,3,2,0,8,2,4,0,8,2,8,2,8,2,8,2,8,2,8,2,20,1,20,1,20,1,20,1
24,7,2,4,1,29,15,60,180,2,4,4,7,66,3,4,0,102,3,2,0,115,2,5,0,8,3,8,3,8,3,8,3,8,3,20,2,20,2,20,2,19,1,19,1
24,8,2,4,1,33,16,70,225,2,4,4,7,39,3,4,0,66,3,3,0,102,2,5,0,8,3,8,3,8,3,8,3,8,3,20,2,20,2,20,2,19,2,19,2
24,9,2,5,1,37,17,90,250,3,4,4,6,67,3,4,0,103,3,3,0,115,2,6,0,8,4,8,4,8,4,20,3,21,3,1,2,4,1,15,2,12,2,15,2
24,10,2,5,1,42,18,110,350,3,4,4,6,41,4,5,0,40,3,4,0,8,2,7,0,8,4,8,5,8,4,20,3,21,3,1,2,4,2,15,4,12,3,15,3
24,11,2,5,1,47,19,130,450,4,4,3,5,93,4,5,0,103,3,4,0,115,2,8,0,8,5,8,6,0,3,20,4,21,3,1,2,4,3,4,4,12,4,15,4
24,12,2,5,1,55,20,150,600,4,5,3,5,92,4,6,0,66,3,5,0,104,2,9,0,8,6,8,7,0,3,20,4,21,4,1,4,4,4,4,5,12,5,15,5
24,13,2,6,1,65,21,160,800,5,5,3,4,93,5,8,0,103,3,5,0,115,1,10,0,8,7,8,8,0,4,20,5,21,5,1,5,4,5,4,6,12,6,15,6
24,14,2,6,1,75,22,200,1000,5,6,3,3,41,5,9,0,57,3,6,0,8,1,12,0,8,8,8,9,0,5,20,5,21,6,1,6,4,6,9,7,12,7,15,7
24,15,2,7,1,85,23,250,1250,6,7,3,2,93,6,10,0,103,3,6,0,115,1,15,0,8,9,8,10,0,6,20,6,21,7,1,7,4,7,9,8,12,8,15,8
25,1,2,3,1,21,10,6,45,0,2,5,7,65,2,0,0,115,3,0,0,8,1,1,0,15,1,15,1,15,1,15,1,15,1,15,1,15,1,15,1,15,1,15,1
25,2,2,3,1,22,11,10,65,0,2,5,7,65,2,1,0,57,3,0,0,8,1,2,0,15,1,15,1,15,1,15,1,15,1,15,1,15,1,15,1,15,1,15,1
25,3,2,3,1,23,12,20,95,0,2,5,6,57,2,1,0,115,3,0,0,8,1,2,0,15,2,15,2,15,2,15,2,15,2,15,2,8,1,8,1,8,1,8,1
25,4,2,3,1,24,12,30,125,1,2,6,6,57,2,2,0,102,3,1,0,8,1,3,0,20,1,20,1,20,1,8,1,8,1,8,1,8,1,8,1,8,1,8,1
25,5,2,4,1,30,13,50,155,4,3,6,5,40,2,2,0,115,3,1,0,102,2,3,0,20,1,20,1,20,1,8,1,8,1,8,1,8,1,8,1,8,1,8,1
25,6,2,4,1,36,13,60,185,5,3,6,5,66,2,3,0,40,3,2,0,8,2,4,0,20,1,20,1,20,1,8,1,8,1,8,1,8,1,15,1,15,1,15,1
25,7,2,4,1,42,14,75,225,6,3,7,4,66,3,3,0,104,3,2,0,115,2,5,0,20,2,20,2,20,2,8,1,8,1,8,1,8,1,15,1,15,1,15,1
25,8,2,4,1,50,14,90,260,8,3,7,4,39,3,3,0,66,4,2,2,102,2,5,0,20,2,20,2,8,2,8,2,8,2,15,2,15,2,15,2,19,1,19,1
25,9,2,5,1,58,15,130,300,10,4,7,3,67,3,4,0,57,4,2,0,115,2,6,0,20,2,20,2,8,2,6,2,8,2,15,2,15,2,15,2,19,1,19,1
25,10,2,5,1,66,16,160,360,15,4,8,3,58,3,4,0,40,4,3,0,8,2,6,2,20,3,8,2,8,3,6,4,15,3,15,3,19,1,19,1,21,1,21,1
25,11,2,5,1,72,17,200,420,20,4,8,2,58,3,5,0,104,4,3,0,115,2,7,0,20,4,8,2,8,3,6,6,15,4,15,4,19,1,19,1,21,2,21,2
25,12,2,5,1,80,18,275,560,30,5,8,2,92,3,5,0,66,4,3,2,104,2,7,0,20,5,8,3,8,4,6,7,15,5,19,2,21,3,21,3,1,5,1,6
25,13,2,6,1,90,19,400,700,40,5,9,2,68,3,6,0,104,4,4,0,115,2,8,0,20,6,8,3,8,4,6,8,15,6,19,2,21,4,21,4,1,6,1,7
25,14,2,6,1,100,20,500,850,50,6,9,1,68,3,8,0,57,4,5,0,8,2,8,0,20,7,8,3,8,4,6,9,15,7,19,2,21,5,21,5,1,7,1,8
25,15,2,6,1,110,21,650,1100,60,6,9,1,68,3,10,2,40,4,6,0,115,2,9,0,20,8,8,4,8,5,6,10,15,8,19,3,21,6,21,6,1,8,1,9
26,1,2,1,1,20,8,4,40,0,1,8,10,115,1,0,0,101,0,1,0,8,3,0,0,12,1,12,1,12,1,12,1,15,1,15,1,15,1,7,1,7,1,8,1
26,2,2,1,1,21,8,9,70,1,1,8,10,65,1,1,0,115,0,1,0,101,3,0,0,12,2,12,2,12,2,7,1,7,1,8,1,8,1,1,1,1,1,8,1
26,3,2,2,1,22,9,15,100,1,2,8,9,57,1,1,0,115,0,2,0,65,3,0,0,12,3,12,3,12,3,7,1,7,1,8,1,8,1,1,1,1,1,8,1
26,4,2,2,1,23,10,26,140,1,2,7,9,39,1,1,0,57,0,2,0,66,3,1,0,7,1,12,1,7,1,7,1,8,1,11,1,8,1,1,1,1,1,8,1
26,5,2,3,1,25,11,38,180,2,3,7,8,39,1,2,0,66,0,3,0,102,3,1,0,7,2,12,2,7,2,7,2,8,2,11,2,8,2,1,2,1,2,8,2
26,6,2,3,1,31,12,53,220,2,4,7,8,40,1,3,0,102,0,3,0,8,3,2,0,7,3,12,3,7,3,7,3,8,2,11,3,11,4,11,4,11,4,11,4
26,7,2,3,1,36,13,70,260,2,4,6,7,40,1,3,0,66,0,4,2,101,3,2,0,7,4,12,4,7,4,7,4,8,3,11,4,11,5,11,5,11,5,11,5
26,8,2,4,1,43,14,90,300,3,4,6,7,66,2,4,2,102,0,4,0,8,4,3,0,7,5,12,5,7,5,7,5,11,7,11,5,11,7,11,7,21,5,21,5
26,9,2,4,1,50,15,115,350,3,4,6,6,66,2,4,0,57,0,5,0,115,4,3,0,4,5,4,5,3,1,4,5,11,8,11,5,11,8,11,8,21,5,21,5
26,10,2,4,1,58,16,140,400,3,5,5,6,67,2,5,2,102,0,6,0,101,4,3,0,4,6,4,6,3,1,4,6,11,8,11,6,21,6,21,6,20,4,20,4
26,11,2,5,1,66,17,180,450,4,5,5,5,67,2,5,0,40,255,7,0,115,4,4,2,4,6,4,6,3,2,4,7,6,5,6,5,21,6,21,6,20,4,20,4
26,12,2,5,1,74,18,240,550,4,5,5,5,41,2,6,0,66,255,8,2,101,5,4,0,4,7,4,7,6,6,6,6,1,3,21,5,20,6,7,5,11,7,8,5
26,13,2,6,1,82,19,300,600,5,5,4,4,41,2,7,0,102,255,9,0,115,5,4,2,4,7,4,7,6,6,6,6,1,3,21,5,20,7,7,4,11,8,10,6
26,14,2,6,1,90,20,380,750,6,6,4,4,58,2,8,0,40,255,12,0,101,5,5,2,4,8,4,8,6,7,6,7,1,4,21,6,20,8,7,11,11,9,10,8
26,15,2,7,1,99,21,460,900,7,6,4,3,58,2,9,0,67,255,15,2,115,5,6,0,4,8,4,8,6,7,6,7,1,4,21,6,20,9,7,12,11,10,9,8
27,1,2,2,1,21,8,7,33,0,1,7,8,65,0,0,0,101,2,0,0,8,1,0,0,15,1,15,1,15,1,15,1,12,1,12,1,12,1,8,1,8,1,11,1
27,2,2,2,1,22,8,12,46,0,1,7,8,57,0,1,0,115,2,0,0,101,1,1,0,15,2,15,2,15,2,15,2,12,2,12,2,12,2,8,2,8,2,11,2
27,3,2,2,1,23,9,18,54,0,2,7,8,40,0,1,0,115,2,0,0,65,1,1,0,15,2,12,3,7,2,7,2,7,2,7,2,7,2,7,2,8,2,11,2
27,4,2,3,1,24,9,26,62,1,2,7,7,39,0,2,0,57,2,1,0,66,1,2,0,15,3,12,3,7,3,7,3,7,3,7,3,7,3,7,3,8,3,11,3
27,5,2,3,1,25,10,35,80,1,2,6,7,83,0,2,0,66,3,1,0,102,1,2,0,15,3,12,4,4,3,4,3,4,3,11,2,11,2,7,2,7,2,11,3
27,6,2,3,1,27,11,50,98,1,3,6,7,40,0,3,0,102,3,1,0,8,1,3,0,15,4,12,4,7,4,7,4,7,4,6,3,6,3,6,3,6,3,6,3
27,7,2,4,1,32,12,65,116,3,3,6,6,102,0,4,0,66,3,2,0,101,1,3,0,15,4,12,5,4,4,4,4,11,3,11,3,7,3,7,3,1,2,21,3
27,8,2,4,1,37,13,80,144,3,3,6,6,66,0,5,0,102,3,2,0,8,1,4,2,15,5,12,5,7,5,7,5,6,4,6,4,6,4,6,4,1,2,21,4
27,9,2,5,1,44,14,100,172,3,4,5,6,67,0,6,2,57,3,2,0,115,1,4,0,15,5,12,6,4,5,4,5,11,5,11,5,7,5,7,4,1,3,21,4
27,10,2,5,1,51,15,121,210,5,4,5,5,66,0,7,0,102,3,3,0,101,1,5,0,15,6,12,6,7,6,6,6,6,6,6,6,6,6,21,4,1,3,10,4
27,11,2,6,1,58,16,142,298,5,5,5,5,67,255,8,2,40,3,3,0,115,1,5,0,15,6,12,7,4,6,11,6,7,6,7,6,6,6,21,5,1,4,10,5
27,12,2,6,1,65,17,163,346,5,5,5,5,42,255,10,0,66,3,4,2,101,1,6,0,15,7,12,7,6,7,6,7,21,4,21,5,6,7,9,2,1,5,10,6
27,13,2,7,1,75,18,190,454,7,6,4,4,58,255,12,0,102,3,4,0,115,1,7,0,15,7,12,8,11,7,11,7,21,4,20,5,6,7,9,3,1,6,10,7
27,14,2,7,1,85,19,220,422,7,6,4,4,42,255,14,0,40,3,6,0,101,1,8,0,15,8,12,8,6,8,6,8,21,5,20,6,6,8,9,3,1,7,10,8
27,15,2,8,1,95,20,255,720,9,6,4,3,58,255,16,0,67,3,6,2,115,1,9,0,15,8,12,9,11,8,11,8,21,5,20,6,6,8,9,4,1,8,10,9
28,1,2,2,1,18,8,7,50,0,1,6,9,115,3,0,0,101,2,0,0,8,4,0,0,7,1,7,1,7,1,7,1,7,1,7,1,7,1,7,1,7,1,7,1
28,2,2,2,1,19,8,10,80,0,1,6,9,65,3,1,0,115,2,0,0,101,4,0,0,7,1,7,1,7,1,7,1,7,1,7,1,7,1,7,1,7,1,7,1
28,3,2,3,1,20,9,15,110,0,1,6,8,57,3,2,0,115,2,1,1,65,4,0,0,7,1,7,1,7,1,7,1,7,1,7,1,7,1,7,1,7,1,7,1
28,4,2,3,1,21,9,20,150,2,2,5,8,39,3,1,0,57,2,1,0,66,4,0,0,7,2,7,2,7,2,7,2,11,1,11,1,11,1,11,1,11,1,11,1
28,5,2,4,1,22,10,30,190,2,2,5,7,39,3,2,0,66,2,1,0,102,4,0,0,7,2,7,2,7,2,7,2,11,2,11,2,11,2,11,2,11,2,11,2
28,6,2,4,1,24,11,40,230,2,2,5,7,40,3,3,0,102,2,2,0,8,4,1,0,7,3,7,3,7,3,7,3,11,2,11,2,11,2,21,1,21,1,21,1
28,7,2,4,1,27,12,55,270,4,3,4,6,40,3,4,0,66,2,2,2,101,4,0,0,7,4,7,4,7,4,7,4,11,3,11,3,11,3,21,1,21,1,21,1
28,8,2,5,1,30,13,75,320,4,4,4,6,66,2,5,0,102,3,2,0,8,4,2,2,7,5,7,5,7,5,7,5,11,3,11,3,11,3,21,2,21,2,21,2
28,9,2,5,1,33,14,100,370,4,4,4,5,66,2,6,2,57,3,3,0,115,4,1,0,7,6,7,6,7,6,11,4,11,4,11,4,21,2,21,2,20,1,20,1
28,10,2,5,1,36,15,140,430,6,5,3,5,67,2,7,0,102,3,4,0,101,4,1,0,7,7,7,7,7,7,11,4,11,4,11,4,21,3,21,3,20,1,20,1
28,11,2,6,1,39,16,180,500,6,6,3,4,67,2,8,2,40,3,6,0,115,4,4,0,4,3,4,4,11,5,11,5,21,4,21,4,20,2,8,2,8,2,8,2
28,12,2,6,1,45,17,320,600,6,7,3,4,41,255,10,0,66,3,6,2,101,5,2,0,4,4,4,5,11,5,11,5,21,5,21,5,20,2,8,4,8,4,8,4
28,13,2,7,1,50,18,360,720,8,7,2,3,41,255,15,0,102,1,8,0,115,5,5,0,4,6,4,7,4,5,6,5,6,5,21,6,20,6,8,6,8,6,10,4
28,14,2,7,1,55,19,400,850,8,8,2,3,58,255,25,0,40,1,10,0,101,5,3,0,4,7,4,8,6,5,6,7,21,7,21,8,20,8,1,6,0,6,10,5
28,15,2,8,1,60,20,440,1050,10,8,2,2,58,255,35,0,67,1,15,2,115,6,8,0,4,8,4,9,6,6,6,9,21,9,21,9,20,9,1,7,0,7,10,6
29,1,2,3,1,19,6,5,30,2,3,8,10,57,1,1,0,101,2,0,0,115,3,0,0,7,1,7,1,7,1,7,1,7,1,7,1,7,1,7,1,7,1,7,1
29,2,2,3,1,20,7,9,40,4,3,8,10,65,1,1,0,115,2,1,0,101,3,0,0,7,1,7,2,7,2,7,2,7,2,11,1,11,1,11,1,11,1,11,1
29,3,2,4,1,21,8,15,45,4,4,8,10,57,1,2,0,115,2,2,0,65,3,0,0,7,2,7,2,7,2,7,2,7,2,11,2,11,2,11,2,11,2,11,2
29,4,2,4,1,22,9,25,50,4,4,8,9,39,1,2,0,57,2,2,0,66,3,1,0,7,2,7,3,7,3,11,3,11,3,11,3,21,1,21,1,20,1,20,1
29,5,2,5,1,23,10,35,65,6,5,7,9,83,1,2,0,66,2,3,0,102,3,1,0,4,2,4,2,4,2,11,3,11,3,11,3,21,1,21,1,20,1,20,1
29,6,2,5,1,27,11,45,80,6,5,7,9,40,1,3,0,102,2,4,0,115,3,2,0,4,2,4,2,11,2,11,4,11,4,21,2,20,2,20,2,8,3,8,3
29,7,2,5,1,31,12,60,95,6,6,7,8,40,1,3,0,66,2,4,0,101,3,2,0,4,3,4,3,6,2,6,2,6,4,21,2,20,2,20,2,8,3,8,3
29,8,2,6,1,35,13,80,120,8,6,7,8,66,1,4,0,102,2,5,0,115,3,3,0,4,3,4,3,6,2,6,2,21,3,20,3,8,4,8,4,10,2,6,2
29,9,2,6,1,40,14,110,145,8,6,6,8,66,1,6,0,57,2,5,0,115,4,3,0,4,4,4,4,6,3,6,3,21,3,20,3,8,5,8,5,10,3,6,3
29,10,2,6,1,45,15,150,180,8,7,6,7,67,1,6,0,102,2,6,0,101,4,4,0,4,4,4,4,6,3,6,3,21,4,20,4,8,5,8,5,10,4,9,2
29,11,2,7,1,50,16,200,265,10,7,6,7,67,1,8,0,40,2,6,0,115,5,4,0,4,4,4,4,6,4,6,3,21,5,20,4,1,4,1,4,10,5,9,3
29,12,2,7,1,55,17,260,310,12,7,6,7,41,255,12,0,66,2,7,0,101,5,5,0,4,5,6,5,21,4,20,5,1,5,10,6,9,7,3,4,15,8,0,7
29,13,2,8,1,60,18,320,450,14,8,5,6,41,255,15,0,102,2,8,0,115,6,5,0,4,5,6,6,21,4,20,5,1,6,10,6,9,8,3,4,15,9,0,8
29,14,2,8,1,65,19,380,500,16,8,5,6,58,255,18,0,40,3,9,0,101,6,6,0,4,5,6,7,21,5,20,6,1,7,10,7,9,9,3,4,15,10,0,9
29,15,2,9,1,70,20,440,700,18,8,5,6,58,255,22,0,67,3,10,0,115,7,6,0,4,6,6,8,21,5,20,6,1,8,10,7,9,10,3,5,15,10,0,10
30,1,2,3,1,19,10,4,40,0,1,5,7,102,0,0,0,65,3,0,0,101,0,0,0,12,1,12,1,12,1,12,1,15,1,15,1,8,1,8,1,7,1,7,1
30,2,2,3,1,20,11,8,60,0,1,5,7,102,0,1,0,40,3,0,0,101,2,0,0,12,1,12,1,12,1,12,1,15,1,15,1,8,2,8,2,6,2,11,2
30,3,2,4,1,21,12,14,90,2,2,5,7,102,0,1,0,57,3,0,0,115,2,0,0,12,2,12,2,12,2,12,2,15,2,15,2,8,2,8,2,6,2,11,2
30,4,2,4,1,22,13,20,120,3,2,4,6,102,0,2,0,39,3,0,0,115,2,0,0,12,2,12,2,12,2,12,2,15,2,15,2,8,2,8,2,6,2,11,3
30,5,2,4,1,23,13,28,160,4,3,4,6,102,0,2,0,83,3,0,0,57,2,1,0,12,3,12,3,8,2,8,2,15,3,7,2,8,3,8,3,6,2,11,3
30,6,2,5,1,25,14,38,200,4,3,4,6,102,0,3,0,66,3,0,0,57,2,1,0,12,4,12,4,8,2,8,2,15,3,7,2,8,3,8,3,6,3,11,4
30,7,2,5,1,27,14,48,250,5,4,4,5,102,0,3,0,67,3,0,0,40,2,1,0,12,5,12,5,8,3,8,3,15,4,7,3,8,4,8,4,6,3,11,4
30,8,2,5,1,31,15,58,310,6,5,3,5,103,0,4,0,67,3,1,2,40,2,1,0,12,6,12,6,8,3,8,3,15,4,7,5,8,4,8,4,6,3,11,5
30,9,2,6,1,35,15,70,380,7,5,3,5,103,0,5,0,41,3,1,0,66,2,1,0,21,6,8,4,8,4,7,7,7,7,7,7,8,5,8,5,6,3,11,5
30,10,2,6,1,40,16,85,460,8,6,3,4,103,0,6,0,41,3,2,0,66,2,2,0,21,6,8,4,8,4,7,8,7,8,20,8,8,5,8,5,6,4,11,6
30,11,2,6,1,45,17,105,560,9,6,3,4,103,255,8,0,58,3,2,0,41,2,2,0,21,7,8,5,8,5,7,9,7,9,20,9,8,6,8,6,6,5,11,7
30,12,2,7,1,50,18,125,660,10,7,2,4,103,255,10,0,58,3,3,0,41,2,2,0,21,7,3,5,7,12,20,4,1,5,1,5,8,6,8,6,6,6,11,8
30,13,2,7,1,55,19,150,760,12,7,2,3,103,255,12,0,42,3,3,0,67,2,3,0,21,8,3,6,7,12,20,4,1,6,1,6,8,7,8,7,6,7,11,9
30,14,2,8,2,60,20,175,860,14,8,2,3,103,255,14,0,42,3,3,0,67,2,3,2,21,8,3,7,7,12,20,5,1,7,9,6,8,7,8,7,6,8,11,10
30,15,2,8,2,70,21,200,980,16,8,2,3,103,255,16,0,42,3,4,0,67,2,3,2,21,9,3,8,7,12,20,5,1,8,9,7,8,8,8,8,6,9,11,10
31,1,2,4,1,20,8,6,35,1,3,6,8,102,1,0,0,65,0,2,0,101,3,0,0,12,1,12,1,12,1,12,1,12,1,12,1,8,1,8,1,8,1,8,1
31,2,2,4,1,21,9,12,50,2,3,6,8,102,1,1,0,40,0,3,0,57,3,0,0,12,1,12,1,12,1,12,1,12,1,12,1,8,1,8,1,8,1,8,1
31,3,2,5,1,22,10,18,75,3,3,6,8,102,2,2,0,57,0,3,0,115,3,0,0,12,1,12,1,12,1,12,1,12,1,12,1,8,2,8,2,8,2,8,2
31,4,2,5,1,23,11,28,100,4,4,6,7,102,2,2,0,39,0,3,0,115,3,1,0,12,2,12,2,12,2,12,2,8,2,8,2,8,2,8,2,8,2,8,2
31,5,2,5,1,25,11,40,120,4,4,6,7,102,3,2,0,83,1,3,0,57,3,1,0,12,3,12,3,12,3,12,3,8,4,8,3,8,3,8,3,8,3,8,3
31,6,2,6,1,29,12,55,150,5,5,5,7,102,3,2,0,66,1,4,0,57,3,1,0,21,2,12,3,21,2,8,3,8,5,8,4,8,3,8,3,8,3,8,3
31,7,2,6,1,34,12,70,190,6,5,5,6,102,3,2,0,67,1,5,0,40,3,2,0,21,2,12,3,21,2,8,4,8,6,8,5,8,4,8,4,8,4,8,4
31,8,2,6,1,40,13,90,225,8,5,5,6,103,4,3,0,67,1,6,0,40,3,2,0,21,3,12,4,8,4,8,4,8,7,7,7,7,5,7,4,20,3,20,1
31,9,2,7,1,46,13,110,260,10,6,5,6,103,4,3,0,41,1,7,0,66,3,2,0,21,3,12,4,8,4,8,4,8,8,7,8,7,6,7,5,20,4,20,2
31,10,2,7,1,52,14,140,320,12,6,5,5,103,4,3,0,41,1,8,0,66,3,2,0,21,4,12,5,6,3,1,3,8,9,7,9,20,7,20,6,4,2,4,2
31,11,2,7,1,58,15,180,400,14,7,4,5,103,4,4,0,42,1,9,0,41,3,3,0,21,4,12,5,6,4,1,4,8,10,7,10,20,8,20,7,4,4,4,4
31,12,2,8,1,64,16,230,500,16,7,4,5,103,5,6,0,42,1,10,0,41,3,3,0,21,5,12,6,6,5,1,5,8,11,7,11,20,9,4,4,4,6,9,5
31,13,2,8,1,70,17,280,600,18,8,4,4,103,5,8,0,42,1,12,0,67,3,2,0,21,5,12,6,6,6,1,6,8,12,7,12,20,10,4,5,4,7,9,6
31,14,2,9,2,78,18,330,700,19,8,4,4,103,3,10,0,42,1,15,0,67,5,3,0,21,6,12,7,6,7,1,7,8,12,7,12,8,6,4,6,4,8,9,7
31,15,2,9,2,84,19,380,800,20,9,4,4,103,3,12,0,42,1,18,0,67,5,5,0,21,6,12,7,6,8,1,8,8,12,7,12,8,8,4,7,4,9,9,8
32,1,2,2,1,20,8,5,30,0,2,7,8,102,0,1,0,65,1,0,0,101,3,0,0,15,1,15,1,12,1,12,1,8,1,8,1,11,1,11,1,6,1,6,1
32,2,2,2,1,21,9,10,40,0,2,7,8,102,0,1,0,40,1,0,0,101,3,0,0,15,2,15,2,12,2,12,2,8,2,8,2,11,1,11,1,6,1,6,1
32,3,2,3,1,22,10,15,60,1,2,7,8,102,0,2,0,57,1,1,0,115,3,0,0,15,3,15,3,12,2,8,1,8,1,11,2,7,1,8,2,3,1,6,2
32,4,2,3,1,23,11,22,80,2,3,6,7,102,0,2,0,39,1,1,0,115,3,0,0,15,3,15,3,12,3,8,2,8,2,11,2,7,1,8,2,3,1,6,2
32,5,2,3,1,24,12,30,110,3,3,6,7,102,0,2,0,83,1,2,2,57,3,0,0,15,4,15,4,12,3,8,3,8,3,11,3,7,2,8,3,3,1,6,3
32,6,2,4,1,25,13,40,140,3,4,6,7,102,0,3,0,66,1,2,2,57,3,0,0,15,4,15,4,0,4,8,3,8,3,11,3,7,2,8,3,3,2,6,3
32,7,2,4,1,29,13,53,180,4,4,6,6,102,0,3,0,67,1,3,2,40,3,0,0,15,5,15,5,0,4,8,4,8,4,11,4,7,3,8,4,3,2,6,4
32,8,2,4,1,33,14,66,230,5,4,5,6,103,0,4,0,67,1,3,2,40,3,1,0,21,5,15,5,0,5,8,4,8,5,11,4,7,3,8,5,3,2,6,4
32,9,2,5,1,37,14,75,290,6,5,5,6,103,0,4,0,41,1,4,0,66,3,1,2,21,5,15,6,0,5,8,5,8,6,11,5,7,4,8,6,3,3,6,5
32,10,2,5,1,41,15,86,360,7,5,5,5,103,0,5,0,41,1,4,0,66,3,1,2,21,6,15,6,0,6,4,3,9,4,1,2,7,4,8,7,3,3,6,5
32,11,2,5,1,45,16,100,445,8,6,5,5,103,0,6,0,42,1,5,0,41,3,1,0,21,6,15,7,0,6,4,4,9,5,1,2,7,4,8,8,3,3,6,6
32,12,2,6,1,50,17,120,560,9,6,4,5,103,255,7,0,42,1,5,0,41,4,1,0,21,7,15,7,0,7,4,5,9,6,1,3,20,5,8,9,3,4,6,6
32,13,2,6,1,60,18,140,660,10,7,4,4,103,255,8,0,42,1,6,0,67,4,2,2,21,7,15,8,0,7,4,6,9,7,1,3,20,5,8,10,3,4,6,7
32,14,2,7,2,65,19,160,780,11,7,4,4,103,255,9,0,42,1,6,0,67,4,3,2,21,8,15,8,0,8,4,7,9,8,1,4,20,6,8,11,3,5,6,7
32,15,2,8,2,70,20,180,920,12,8,4,4,103,255,10,0,42,1,7,0,67,4,4,2,21,9,15,9,0,8,4,8,9,9,1,5,20,6,8,12,3,5,6,8
33,1,2,3,1,19,8,5,25,0,4,8,10,102,2,0,0,65,1,1,0,101,3,0,0,12,1,12,1,12,1,12,1,12,1,12,1,8,1,8,1,11,1,7,1
33,2,2,3,1,20,9,9,30,0,4,8,10,102,2,1,0,40,1,1,0,101,3,0,0,12,1,12,1,12,1,12,1,12,1,12,1,8,1,8,1,11,1,7,1
33,3,2,4,1,21,10,15,45,0,4,8,10,102,2,1,0,57,1,2,0,115,3,0,0,12,2,12,1,12,1,12,1,12,1,12,1,8,1,8,1,11,1,7,2
33,4,2,4,1,22,11,22,60,1,5,8,9,102,2,2,0,39,1,3,0,115,3,1,0,12,2,12,2,12,2,12,2,12,2,12,2,8,2,8,2,11,2,7,4
33,5,2,4,1,26,11,30,85,2,5,8,9,102,2,2,0,83,1,4,0,57,3,1,0,12,2,12,2,12,2,12,2,12,2,12,2,8,3,8,3,11,2,7,6
33,6,2,5,1,30,12,40,110,2,6,8,9,102,3,2,0,66,1,5,0,57,3,1,0,12,3,12,3,12,3,12,4,12,4,12,4,8,3,6,3,11,3,7,8
33,7,2,5,1,35,12,53,145,2,6,7,8,102,3,2,0,66,1,6,0,40,3,1,0,12,3,12,3,12,3,8,3,8,3,8,3,8,3,6,4,11,4,7,9
33,8,2,5,1,40,13,68,190,3,6,7,8,104,3,2,0,66,1,7,0,40,3,1,0,21,3,21,3,21,3,8,4,8,4,8,4,8,4,6,5,11,5,7,10
33,9,2,6,1,45,13,85,245,3,7,7,8,104,3,2,0,67,1,7,0,115,4,2,0,21,3,21,3,21,3,8,4,8,4,8,4,8,4,6,5,11,6,7,11
33,10,2,6,1,50,14,105,310,4,7,7,7,104,3,3,0,67,255,8,0,115,4,2,0,21,4,21,4,21,4,1,4,1,6,1,6,3,2,6,6,11,7,7,12
33,11,2,6,1,55,15,125,400,4,8,7,7,104,3,3,0,67,255,9,0,66,4,2,0,21,5,21,5,1,4,1,4,7,6,7,6,3,2,6,6,11,8,7,12
33,12,2,7,1,60,16,155,500,5,9,7,7,104,3,3,0,41,255,10,0,66,4,3,0,21,6,1,5,1,5,7,6,7,6,20,6,3,3,6,7,11,9,7,12
33,13,2,7,2,65,17,195,600,6,10,6,6,104,3,3,0,41,255,12,0,67,5,4,0,21,7,1,6,4,8,20,5,9,6,0,5,3,3,6,7,11,10,4,5
33,14,2,8,2,70,18,235,700,7,11,6,6,104,3,3,0,41,255,14,0,67,5,6,0,21,8,1,7,4,9,20,6,9,7,0,6,3,4,6,8,11,11,4,6
33,15,2,9,2,75,19,290,800,8,12,6,6,104,3,3,0,41,255,16,0,67,5,8,0,21,9,1,8,4,10,20,7,9,8,0,6,3,4,6,9,11,12,4,7
34,1,2,3,1,18,6,4,25,0,3,7,11,65,3,0,0,101,1,0,0,8,0,2,0,12,1,12,1,12,1,12,1,15,1,15,1,8,1,8,1,6,1,7,1
34,2,2,3,1,19,6,7,33,0,3,7,11,65,3,0,0,57,1,1,0,8,0,3,0,12,2,12,2,12,2,12,2,15,2,15,2,8,1,8,1,6,2,7,1
34,3,2,3,1,20,7,11,45,1,4,7,11,57,3,0,0,115,1,1,0,8,0,4,0,12,3,12,3,12,3,12,3,15,3,15,3,8,2,8,2,6,2,7,1
34,4,2,4,1,21,8,15,66,1,4,7,11,57,3,1,0,115,1,2,0,101,0,4,0,12,4,12,4,12,4,11,2,15,3,15,3,8,2,8,2,6,3,3,1
34,5,2,4,1,22,9,20,75,2,5,7,10,39,3,1,0,101,1,2,0,8,0,4,0,12,4,12,4,12,4,11,3,15,4,15,4,8,3,8,3,6,3,3,1
34,6,2,4,1,24,10,26,90,2,5,6,10,39,3,2,0,115,1,3,0,101,0,5,0,12,5,12,5,12,5,11,3,15,4,15,4,8,3,8,3,6,4,3,1
34,7,2,5,1,27,11,32,125,3,6,6,10,40,3,2,0,115,1,3,0,65,0,5,0,12,5,12,5,7,4,11,4,15,5,19,1,8,4,8,4,6,4,3,2
34,8,2,5,1,30,12,40,145,3,6,6,10,40,3,2,0,66,1,4,0,101,0,6,0,21,5,21,5,7,4,11,4,15,5,19,1,8,4,8,4,6,5,3,2
34,9,2,5,1,34,13,50,185,4,7,6,9,102,3,3,0,102,1,4,0,65,0,6,0,21,5,1,3,7,5,11,5,19,2,20,1,8,5,8,5,6,5,3,2
34,10,2,6,1,38,13,65,230,5,7,6,9,102,3,3,0,8,254,10,2,40,1,6,0,21,6,1,4,7,5,11,6,19,2,20,1,8,5,8,6,6,6,3,3
34,11,2,6,1,42,14,80,300,6,8,5,9,104,3,4,0,8,254,15,0,116,1,6,0,21,6,1,5,0,6,20,2,6,5,4,4,8,6,8,7,6,6,3,4
34,12,2,7,1,46,14,100,350,7,8,5,9,104,3,4,0,8,254,20,2,116,1,7,0,21,7,1,6,0,7,20,3,6,6,4,5,9,7,8,8,6,7,3,5
34,13,2,7,1,50,15,120,400,8,9,5,8,104,3,5,0,8,253,25,0,69,1,7,0,21,7,1,7,0,8,20,4,6,7,4,6,9,8,8,9,6,7,3,6
34,14,2,8,2,55,15,140,460,9,10,5,8,104,3,5,0,8,253,30,2,69,1,8,0,21,8,1,8,0,9,20,5,6,8,4,7,9,9,8,10,6,8,3,7
34,15,2,8,2,60,16,170,530,10,11,5,8,104,3,5,0,8,253,35,0,69,1,10,0,21,8,1,9,0,10,20,6,6,9,4,8,9,10,8,11,6,9,3,8
35,1,2,2,1,17,8,5,35,1,2,5,8,65,2,1,0,101,3,0,0,8,1,3,0,12,1,12,1,12,1,12,1,12,1,8,1,8,1,8,1,8,1,8,1
35,2,2,2,1,18,9,8,53,1,2,5,8,65,2,1,2,57,3,0,0,8,1,3,0,12,2,12,2,12,2,12,2,12,2,8,1,8,1,8,1,8,1,8,1
35,3,2,2,1,19,10,12,75,3,3,5,8,57,2,1,0,115,3,0,0,8,1,3,0,12,3,12,3,12,3,12,3,8,1,8,1,8,1,8,1,8,1,8,1
35,4,2,3,1,20,10,16,106,3,3,5,8,57,2,2,0,115,3,1,0,101,1,3,0,21,2,21,2,21,2,21,2,8,2,8,2,8,2,8,2,8,2,8,2
35,5,2,3,1,22,11,20,125,5,4,5,7,39,2,2,0,101,3,1,0,8,1,3,0,21,2,21,2,8,2,8,2,8,2,8,2,8,2,8,2,19,1,19,1
35,6,2,3,1,24,11,25,150,5,4,4,7,39,2,3,0,115,3,2,0,116,1,3,0,21,3,21,3,8,3,8,3,8,3,8,3,8,3,8,3,19,1,19,1
35,7,2,4,1,28,12,30,195,5,5,4,7,40,3,3,0,115,3,3,0,65,1,3,0,21,3,21,3,8,4,8,4,8,4,19,1,20,1,11,4,6,1,6,2
35,8,2,4,1,32,13,36,225,7,5,4,7,40,3,3,0,66,3,4,0,116,1,4,0,21,4,21,4,1,1,1,1,8,5,19,2,20,1,11,5,6,2,6,3
35,9,2,4,1,36,14,44,275,7,5,4,6,102,3,4,0,102,3,5,0,65,1,4,0,21,4,21,4,1,2,1,2,8,6,19,2,20,1,11,6,6,3,6,4
35,10,2,5,1,40,15,60,330,7,6,4,6,102,4,4,0,8,255,10,0,40,1,6,0,21,5,1,2,1,3,8,7,0,2,3,1,20,2,11,7,6,4,6,5
35,11,2,5,1,44,16,80,410,9,7,3,6,104,4,4,0,8,255,12,0,116,1,6,0,21,5,1,3,1,4,8,8,0,4,3,3,20,2,11,8,6,5,6,6
35,12,2,6,1,48,17,110,470,9,7,3,6,41,4,6,0,8,255,14,2,69,1,8,0,21,6,1,4,1,5,20,5,0,6,3,5,9,3,11,9,6,6,6,7
35,13,2,6,1,56,18,140,530,10,8,3,5,43,5,6,0,8,254,18,2,116,255,10,0,21,6,1,5,1,6,20,6,0,8,3,7,9,4,11,10,6,7,6,8
35,14,2,7,2,64,19,170,600,10,9,3,5,43,5,6,0,8,254,24,2,69,255,15,0,21,7,1,6,1,7,20,7,0,9,3,9,9,5,11,11,6,8,6,9
35,15,2,7,2,72,20,200,680,11,10,3,5,43,6,8,0,8,254,30,2,116,255,20,0,21,7,1,7,1,8,20,8,0,10,3,11,9,6,11,12,6,9,6,10
36,1,2,2,1,18,7,4,32,0,3,6,10,65,2,1,0,101,3,0,0,8,1,1,0,12,1,12,1,12,1,12,1,12,1,12,1,8,1,8,1,8,1,7,3
36,2,2,2,1,19,8,7,47,1,3,6,10,65,2,2,0,57,3,0,0,8,1,1,0,12,1,12,1,12,1,12,1,12,1,8,1,8,1,8,1,8,1,7,5
36,3,2,2,1,20,8,10,66,1,4,6,10,57,2,3,0,115,3,0,0,8,1,1,0,12,2,12,2,12,2,8,1,8,1,8,1,8,1,8,1,8,1,7,7
36,4,2,3,1,21,9,15,84,2,4,6,10,57,2,5,0,115,3,1,0,101,1,2,0,12,2,12,3,12,3,8,2,8,2,8,2,8,2,8,2,8,2,7,8
36,5,2,3,1,23,9,20,110,3,5,6,9,39,2,3,0,101,3,1,0,8,1,2,0,12,3,12,4,8,2,8,2,8,2,8,3,19,1,19,1,8,3,7,9
36,6,2,3,1,25,10,27,152,4,5,5,9,39,2,4,0,115,3,2,0,101,1,2,0,12,3,12,5,8,2,8,2,8,2,8,4,19,1,19,1,8,4,7,10
36,7,2,4,1,29,11,35,160,5,6,5,9,40,2,5,0,115,3,3,0,65,1,2,0,12,4,12,6,8,3,8,3,8,3,19,2,20,1,20,1,8,4,7,10
36,8,2,4,1,34,12,45,201,6,6,5,8,40,2,6,0,66,3,4,0,101,1,3,0,12,4,8,3,8,3,8,3,19,2,20,2,6,5,6,5,8,5,7,10
36,9,2,5,1,39,13,56,248,7,6,5,8,102,2,7,0,102,3,4,0,65,1,4,0,21,4,8,4,8,4,8,4,19,3,20,3,6,6,6,6,8,6,7,12
36,10,2,5,1,45,14,68,300,8,7,5,8,102,2,8,0,8,0,9,0,40,3,4,0,21,4,8,4,8,4,8,4,19,3,20,4,6,6,6,6,8,7,7,12
36,11,2,6,1,51,15,92,377,9,7,4,7,41,2,9,0,8,0,12,0,116,3,5,0,21,5,1,3,1,4,19,4,20,5,3,5,6,7,6,7,8,8,7,12
36,12,2,6,1,57,16,110,434,10,7,4,7,41,2,9,0,8,0,15,2,116,3,6,0,21,5,1,4,1,5,19,5,20,6,3,5,6,7,6,7,8,9,7,12
36,13,2,7,2,64,17,130,491,11,8,4,7,41,2,10,0,8,0,20,2,116,3,7,0,21,6,1,5,1,6,19,6,20,7,3,6,6,8,6,8,8,10,7,12
36,14,2,7,2,71,18,150,558,12,8,4,6,58,2,11,0,8,0,25,2,116,3,8,0,21,6,1,6,1,7,19,7,20,8,3,6,6,8,6,8,8,11,7,12
36,15,2,8,2,78,19,170,635,13,8,4,6,58,2,12,0,8,0,30,2,116,3,9,0,21,7,1,7,1,8,19,8,20,9,3,7,6,9,6,9,8,12,7,12
37,1,2,4,1,18,7,6,25,0,6,9,12,65,2,0,0,101,0,1,0,8,3,0,0,15,1,15,1,12,1,15,1,15,1,15,1,15,1,8,1,8,1,11,1
37,2,2,4,1,19,8,9,33,0,6,9,12,65,2,0,0,57,0,1,0,8,3,0,0,15,2,15,2,12,2,15,2,15,2,15,2,8,1,8,1,8,1,11,1
37,3,2,4,1,20,8,12,45,0,7,9,12,57,2,1,0,115,0,2,0,8,3,0,0,15,2,15,2,12,2,8,2,8,2,6,1,8,2,8,2,8,2,11,2
37,4,2,5,1,21,9,17,66,1,7,9,12,57,2,2,0,115,0,3,0,101,3,0,0,15,3,15,3,12,3,8,2,8,2,6,2,8,2,8,2,8,2,11,2
37,5,2,5,1,22,9,23,75,1,8,9,11,39,2,3,0,101,0,4,0,8,3,1,0,15,3,15,3,12,3,8,3,8,3,6,2,8,3,8,3,8,3,11,3
37,6,2,5,1,23,10,33,90,2,8,10,11,39,2,3,0,115,0,5,0,101,3,1,0,15,4,15,4,12,4,8,3,8,3,6,3,8,3,8,3,8,3,11,3
37,7,2,6,1,25,10,43,125,2,9,10,11,40,2,4,0,115,0,6,0,65,3,2,0,15,4,15,4,12,4,8,3,8,3,6,3,19,1,8,4,8,4,11,4
37,8,2,6,1,29,11,55,145,3,9,10,11,40,2,4,0,66,0,7,0,101,4,2,0,21,4,1,3,8,6,19,2,20,1,6,4,7,6,8,5,8,5,11,4
37,9,2,6,1,33,12,67,185,4,9,10,10,102,2,4,0,102,0,8,0,65,4,2,0,21,4,1,4,8,7,19,2,20,2,6,4,7,6,8,6,8,6,11,5
37,10,2,7,1,37,13,80,230,5,10,10,10,102,2,4,0,8,255,9,0,40,4,3,0,21,5,1,5,8,8,19,3,20,2,6,4,7,7,8,7,8,7,11,6
37,11,2,7,1,41,14,95,300,6,10,11,10,104,2,5,0,8,255,10,0,69,5,3,0,21,5,1,6,10,8,20,3,3,4,6,5,7,7,8,8,8,8,11,7
37,12,2,8,1,45,15,110,350,7,10,11,10,104,3,5,0,8,255,12,0,116,5,4,0,21,6,1,7,10,9,20,3,3,4,6,5,7,8,8,9,8,9,11,8
37,13,2,8,1,50,16,130,400,8,11,11,9,104,3,7,0,8,255,14,2,69,5,4,0,21,6,1,8,10,10,20,4,3,5,6,6,7,8,8,10,8,10,11,9
37,14,2,9,2,55,17,150,460,9,12,11,9,104,3,9,0,8,255,16,2,116,6,5,0,21,7,1,9,10,11,20,4,3,5,6,7,7,9,8,11,8,11,11,10
37,15,2,9,2,60,18,170,530,10,13,11,9,104,3,10,0,8,255,18,2,116,6,5,0,21,7,1,10,10,12,20,5,3,6,6,8,7,10,8,12,8,12,11,11
38,1,2,3,1,18,7,7,27,0,5,8,9,115,3,0,0,101,0,2,0,8,1,1,0,12,1,12,1,12,1,12,1,12,1,12,1,15,1,6,1,8,1,11,1
38,2,2,3,1,19,8,10,37,1,5,8,9,115,3,0,0,57,0,2,0,8,1,1,0,12,1,12,1,12,1,12,1,12,1,8,1,15,1,6,1,8,1,11,1
38,3,2,4,1,20,9,15,49,1,6,8,9,65,3,0,0,115,0,2,0,8,1,2,0,12,2,12,2,8,1,8,1,8,1,8,1,15,1,6,1,8,1,11,1
38,4,2,4,1,21,9,20,65,2,6,8,9,65,3,0,0,115,0,2,0,101,1,2,0,12,2,12,2,8,2,8,2,8,2,8,2,15,2,6,2,8,2,11,2
38,5,2,5,1,22,10,26,85,2,7,8,8,57,3,0,0,101,0,3,0,8,1,3,0,12,3,12,3,8,2,8,2,8,2,8,2,15,2,6,2,8,2,11,2
38,6,2,5,1,24,10,32,105,3,7,7,8,57,3,0,0,115,0,3,0,101,1,4,0,21,3,21,3,8,3,8,3,8,3,8,3,19,1,6,3,8,3,11,3
38,7,2,6,1,27,11,40,130,3,8,7,8,40,4,0,0,115,0,4,0,65,1,4,0,21,3,21,3,8,3,8,3,8,3,8,3,19,1,6,3,8,3,11,3
38,8,2,6,1,31,11,48,165,4,8,7,8,40,4,0,0,66,0,4,0,101,1,6,2,21,4,8,5,10,4,1,2,8,4,20,1,19,2,6,4,8,4,11,4
38,9,2,7,1,35,12,60,205,5,8,7,7,40,5,1,0,102,0,5,0,65,1,6,0,21,4,8,6,10,4,1,2,8,5,20,2,19,2,6,4,8,4,11,4
38,10,2,7,1,40,13,72,255,6,9,7,7,102,5,1,0,8,255,8,0,40,1,6,0,21,5,8,7,10,5,1,3,19,3,20,3,6,4,6,4,8,5,11,5
38,11,2,8,1,45,14,88,315,7,9,6,7,102,6,2,0,8,255,10,0,69,1,7,0,21,5,8,8,10,5,1,4,19,3,20,4,6,4,6,5,8,5,11,5
38,12,2,8,1,50,15,106,375,8,9,6,7,102,6,2,0,8,255,12,0,116,1,8,0,21,6,8,9,10,6,19,4,20,4,1,5,7,5,6,5,6,6,11,6
38,13,2,9,2,55,16,126,435,9,10,6,6,104,7,2,0,8,255,16,2,69,1,9,0,21,6,8,10,10,6,19,4,20,4,1,6,7,6,6,6,6,7,11,6
38,14,2,9,2,60,17,150,495,10,10,6,6,104,7,3,0,8,255,20,2,116,1,10,0,21,7,8,11,10,7,19,5,20,5,1,7,7,7,6,7,6,8,11,7
38,15,2,10,2,65,18,175,560,12,10,6,6,104,8,4,0,8,255,25,2,69,1,12,0,21,7,8,12,10,7,19,5,20,5,1,8,7,8,6,8,6,9,11,7
39,1,1,2,1,18,7,6,25,0,6,3,10,65,2,0,0,101,3,0,0,8,1,1,0,12,1,12,1,12,1,12,1,12,1,12,1,12,1,12,1,12,1,8,1
39,2,1,2,1,19,8,9,30,0,6,3,10,115,2,0,0,57,3,0,0,8,1,1,0,12,2,12,2,12,2,12,2,12,2,12,2,12,2,12,2,12,2,8,1
39,3,1,2,1,20,9,14,35,0,6,4,9,57,2,1,0,101,3,0,0,8,1,2,0,12,3,12,3,12,3,12,3,19,1,19,1,19,1,19,1,8,2,8,2
39,4,1,3,1,21,10,20,50,0,7,4,9,57,2,1,0,115,3,0,0,101,1,2,0,12,4,12,4,19,1,19,1,20,1,20,1,20,1,8,2,7,6,6,3
39,5,1,3,1,22,11,30,65,2,7,4,8,40,2,1,0,115,3,1,0,101,1,3,0,21,3,21,3,19,2,19,2,20,1,20,1,20,1,8,2,7,8,6,4
39,6,1,3,1,23,12,40,70,2,7,5,8,40,3,1,0,102,3,1,0,101,1,3,0,21,3,21,3,19,2,20,2,20,2,9,2,9,2,8,5,7,10,6,4
39,7,1,4,1,24,13,55,90,2,8,5,7,39,3,2,0,65,3,1,0,102,2,4,0,21,4,16,3,20,2,20,2,0,2,9,2,9,2,8,6,7,12,6,5
39,8,1,4,1,26,14,70,125,4,8,5,7,66,3,2,0,102,3,1,0,115,2,4,0,21,4,16,3,20,3,20,3,0,4,9,3,9,3,8,7,7,12,6,5
39,9,1,4,1,29,15,90,155,4,8,6,6,66,4,3,2,40,3,1,0,115,2,4,0,21,5,16,4,20,3,20,3,0,5,9,3,9,4,8,8,7,12,6,6
39,10,1,5,1,32,16,120,200,4,9,6,6,83,4,3,0,103,3,2,0,115,2,5,0,21,5,16,4,20,4,20,4,0,7,9,4,9,5,8,9,7,12,6,6
39,11,1,5,1,35,17,160,245,6,9,6,5,83,4,4,2,8,3,2,0,69,2,6,0,21,6,16,5,20,4,20,4,0,8,9,5,11,12,8,10,7,12,6,7
39,12,1,5,1,40,18,200,315,6,10,7,5,92,5,6,0,8,255,6,2,69,3,7,0,21,6,16,5,20,5,8,11,0,9,9,7,11,12,10,9,4,6,6,8
39,13,1,6,1,45,19,250,385,8,11,7,4,103,5,7,0,8,255,8,2,116,3,7,0,21,7,16,6,20,5,8,12,0,10,9,8,11,12,10,10,4,7,1,8
39,14,1,6,2,50,20,300,480,8,12,7,3,43,6,8,0,8,255,10,0,69,3,8,0,21,7,16,6,20,6,8,12,0,11,9,9,11,12,10,11,4,8,1,9
39,15,1,7,2,55,21,360,700,10,13,8,2,43,6,9,0,8,255,15,0,116,3,8,0,21,8,16,7,20,6,8,12,0,12,9,10,11,12,10,12,4,9,1,10
40,1,1,2,1,19,5,6,30,0,5,3,9,65,3,0,2,101,1,0,0,8,0,1,0,12,1,12,1,12,1,15,1,15,1,15,1,8,1,8,1,8,1,8,1
40,2,1,2,1,20,6,11,40,1,5,3,9,115,3,0,0,57,1,1,0,8,0,2,0,12,2,12,2,12,2,15,2,15,2,19,1,8,2,8,2,8,2,8,2
40,3,1,2,1,21,7,20,50,1,5,3,8,57,3,1,0,101,1,1,0,8,0,2,0,12,3,12,3,19,1,19,1,20,1,20,1,11,2,9,1,8,3,8,2
40,4,1,3,1,22,8,30,70,2,6,4,8,40,3,1,0,115,1,2,0,101,0,3,0,12,3,16,2,20,1,20,1,11,4,9,2,0,1,0,1,8,3,8,3
40,5,1,3,1,26,9,42,90,2,6,4,7,40,3,1,0,115,1,2,0,101,0,3,0,21,3,16,2,20,2,20,2,11,5,9,3,0,2,0,2,8,3,8,3
40,6,1,3,1,30,10,56,100,3,6,4,7,39,3,2,0,102,1,3,0,101,0,4,2,21,3,16,3,20,2,3,2,9,2,0,2,8,7,8,6,8,5,8,4
40,7,1,4,1,35,11,80,125,3,7,5,6,66,3,3,0,65,1,4,2,102,0,4,0,21,4,16,3,20,3,3,3,9,3,0,3,8,8,8,7,8,6,8,5
40,8,1,4,1,40,12,100,165,4,7,5,6,92,3,2,0,102,1,5,0,115,0,5,0,21,4,16,4,20,3,6,5,0,3,8,9,11,10,6,8,8,8,8,7
40,9,1,5,1,45,13,120,200,4,7,5,5,92,3,3,0,40,1,6,0,115,0,5,0,21,5,16,4,20,4,6,5,0,4,8,10,11,11,10,3,8,9,8,8
40,10,1,5,1,50,14,150,250,5,8,6,5,83,3,3,2,103,1,7,0,115,0,6,0,21,5,16,5,20,4,6,6,0,5,8,11,11,12,10,4,4,4,1,7
40,11,1,6,1,55,15,190,300,5,9,6,4,83,3,3,2,8,255,10,0,69,0,7,0,21,6,16,5,20,5,6,6,0,6,8,12,11,12,10,5,4,4,1,7
40,12,1,6,1,60,16,230,375,7,10,6,4,103,3,4,0,8,255,12,0,116,0,8,0,21,6,16,6,20,5,6,7,0,7,8,12,11,12,10,6,4,5,1,8
40,13,1,7,1,65,17,270,450,7,11,7,3,43,3,4,0,8,255,14,2,69,0,8,0,21,7,16,6,20,6,6,7,0,8,8,12,11,12,10,7,4,5,1,8
40,14,1,7,1,70,18,320,520,9,12,7,3,43,4,5,0,8,255,16,2,116,0,9,0,21,7,16,7,20,6,6,8,0,9,8,12,11,12,10,8,4,6,1,9
40,15,1,8,2,75,19,380,775,12,13,7,2,43,4,5,0,8,255,18,0,69,0,9,0,21,8,16,7,20,7,6,9,0,10,8,12,11,12,10,9,4,7,1,9
41,1,1,3,1,16,7,5,27,0,8,6,12,65,0,1,0,101,3,0,0,8,255,3,0,12,1,12,1,12,1,12,1,12,1,8,1,8,1,8,1,8,1,8,1
41,2,1,3,1,17,8,8,34,0,8,6,12,115,0,1,0,57,3,0,0,8,255,4,0,12,1,12,1,12,1,12,1,12,1,8,2,8,2,8,2,8,2,8,2
41,3,1,3,1,18,8,12,41,0,8,6,12,57,0,2,0,101,3,0,0,8,255,5,0,12,2,12,2,19,1,8,2,8,2,8,3,8,2,11,4,11,3,11,2
41,4,1,4,1,19,9,18,58,1,9,7,11,57,0,3,0,115,3,1,0,101,1,2,0,12,2,16,2,20,1,20,1,8,3,8,4,11,6,11,5,6,3,10,1
41,5,1,4,1,21,10,25,75,1,9,7,11,40,0,4,0,115,3,1,0,101,1,2,0,21,2,16,2,20,2,9,1,8,3,8,5,11,7,11,6,6,3,10,2
41,6,1,4,1,23,11,35,82,2,9,7,11,40,0,5,0,102,3,1,0,101,1,3,0,21,2,16,3,20,2,9,2,0,2,8,6,11,8,10,3,4,5,1,3
41,7,1,5,1,27,12,48,104,2,10,8,10,39,0,6,0,65,3,2,2,102,1,4,0,21,3,16,3,20,3,9,2,0,2,8,7,11,9,10,4,4,5,1,3
41,8,1,5,1,31,13,72,141,3,10,8,10,66,0,7,0,102,3,2,0,115,1,4,0,21,3,16,4,20,3,9,3,0,3,8,8,11,10,10,5,4,6,1,4
41,9,1,5,1,35,14,90,173,3,10,8,9,83,0,8,0,40,3,3,0,115,1,5,0,21,4,16,4,20,4,9,3,0,5,8,9,11,11,10,6,4,6,1,4
41,10,1,6,1,40,15,115,220,4,11,9,9,83,0,9,0,102,3,3,0,69,2,5,0,21,4,16,5,20,4,9,4,0,7,8,10,11,12,10,7,4,7,1,5
41,11,1,6,1,45,16,140,267,4,11,9,8,92,0,10,0,8,4,4,0,69,2,6,0,21,5,16,5,20,5,6,5,0,8,8,11,11,12,10,8,4,7,1,5
41,12,1,6,1,50,17,190,339,6,11,9,8,92,0,12,0,8,4,4,0,69,2,6,0,21,5,16,6,20,5,6,6,0,9,8,12,11,12,10,9,4,8,1,6
41,13,1,7,2,55,18,250,411,6,12,10,7,43,255,15,0,8,4,5,0,69,2,7,0,21,6,16,6,20,6,6,6,0,10,8,12,11,12,10,10,4,8,1,6
41,14,1,7,2,60,19,310,508,8,13,10,7,43,255,21,0,8,4,5,0,69,2,8,0,21,6,16,7,20,6,6,7,0,11,8,12,11,12,10,11,4,9,1,7
41,15,1,7,2,65,20,370,730,8,14,10,6,43,255,30,0,8,5,6,0,69,2,10,0,21,7,16,7,20,7,6,7,0,12,8,12,11,12,10,12,4,9,1,8
42,1,1,2,1,19,7,4,30,0,5,5,9,65,2,0,0,101,0,2,0,8,1,1,0,12,1,12,1,12,1,12,1,12,1,12,1,12,1,8,1,8,1,8,1
42,2,1,2,1,20,8,8,40,0,5,5,9,57,2,0,0,57,0,2,0,8,1,1,0,12,2,12,2,12,2,12,2,19,1,19,1,19,1,8,2,8,2,8,2
42,3,1,2,1,21,8,13,50,1,5,5,9,57,2,0,0,101,0,3,0,8,1,2,0,12,2,19,1,20,1,9,1,0,1,9,1,4,2,4,2,8,3,8,3
42,4,1,3,1,22,9,19,70,1,6,5,8,40,2,1,0,115,0,3,0,101,3,2,0,12,3,19,2,20,2,9,2,0,1,8,3,4,2,4,2,8,4,8,4
42,5,1,3,1,24,9,25,90,2,6,6,8,39,2,2,0,115,0,3,0,101,3,3,0,21,3,19,2,20,2,9,3,0,2,8,3,11,2,4,3,1,5,8,5
42,6,1,3,1,27,10,35,100,2,6,6,8,66,2,2,0,102,0,4,0,101,3,3,0,21,3,19,3,20,3,9,4,0,2,8,4,11,3,4,3,1,6,8,5
42,7,1,4,1,31,11,47,125,3,7,6,7,66,2,2,0,65,0,4,0,102,3,4,0,21,4,19,3,20,3,9,5,0,3,8,4,11,3,10,4,4,4,1,4
42,8,1,4,1,35,12,60,165,3,7,6,7,92,3,2,0,102,0,6,0,115,3,4,0,21,4,19,4,20,4,6,5,0,3,8,5,11,4,10,5,4,4,1,4
42,9,1,5,1,39,13,75,200,4,7,7,7,92,3,3,0,40,0,6,0,115,3,5,0,21,5,19,4,20,4,6,6,0,4,8,5,11,4,10,6,4,5,1,5
42,10,1,5,1,44,14,95,250,5,8,7,6,83,3,3,0,8,0,8,0,115,3,6,0,21,5,19,5,20,5,6,6,0,5,8,6,11,5,10,7,4,5,1,5
42,11,1,6,1,50,15,120,300,6,9,7,6,83,4,5,0,8,0,10,0,116,3,8,0,21,6,19,5,20,5,6,7,0,6,8,6,11,5,10,8,4,6,1,6
42,12,1,6,1,56,16,145,375,7,10,7,6,83,4,8,0,8,0,12,0,69,2,10,0,21,6,19,6,20,6,6,7,0,7,8,7,11,6,10,9,4,6,1,7
42,13,1,7,2,62,17,170,450,8,11,8,5,43,4,9,0,8,255,15,0,116,2,12,0,21,7,19,6,20,7,6,8,0,8,8,7,11,6,10,10,4,7,1,8
42,14,1,7,2,68,18,200,520,9,12,8,5,43,4,10,0,8,255,18,0,69,2,14,0,21,7,19,7,20,8,6,9,0,9,8,8,11,7,10,11,4,7,1,9
42,15,1,8,2,76,19,240,775,10,13,8,5,43,4,12,0,8,255,24,0,116,2,16,0,21,8,19,7,20,9,6,10,0,10,8,8,11,7,10,12,4,8,1,10
43,1,1,4,1,17,5,4,50,0,5,7,9,65,0,0,0,8,1,0,0,8,3,0,0,21,1,12,1,8,1,8,1,8,1,8,1,11,1,11,1,11,1,7,1
43,2,1,4,1,18,6,7,60,0,5,7,9,65,0,1,0,101,1,0,0,8,3,0,0,21,1,12,1,8,2,8,2,8,2,8,2,11,2,11,2,11,2,7,2
43,3,1,5,1,19,7,10,72,1,5,7,8,65,0,1,0,102,1,1,0,8,3,0,0,21,2,12,2,8,3,8,3,8,3,8,3,11,3,11,3,11,3,7,2
43,4,1,5,1,20,8,15,88,1,5,6,8,65,0,2,0,115,1,1,0,101,3,0,0,21,2,8,6,8,3,8,3,11,3,11,3,20,1,6,1,6,1,6,1
43,5,1,6,1,21,9,21,108,2,6,6,7,40,0,2,0,102,1,1,0,101,3,0,0,21,3,8,8,11,10,20,1,3,4,1,2,1,2,6,2,6,2,6,2
43,6,1,6,1,22,10,28,132,2,6,6,7,40,0,3,0,57,1,1,0,115,3,1,0,21,3,8,10,11,11,20,2,3,5,1,3,1,3,6,2,4,1,4,2
43,7,1,7,1,23,11,38,158,3,6,6,6,40,0,4,0,102,1,2,0,115,3,1,0,21,4,8,11,11,12,20,2,3,6,1,4,0,1,6,3,4,2,4,3
43,8,1,7,1,26,11,48,188,3,6,5,6,40,0,5,0,57,1,2,0,115,3,1,0,21,4,8,11,11,12,20,3,3,7,1,5,0,2,6,3,4,2,9,7
43,9,1,8,1,29,12,64,226,4,7,5,5,83,0,6,0,40,1,2,0,115,3,1,0,21,5,8,12,6,10,20,3,3,7,1,6,0,3,6,10,4,3,9,8
43,10,1,8,1,32,12,90,268,4,8,5,5,83,0,8,0,57,1,3,0,115,3,1,0,21,5,8,12,6,10,20,4,3,8,1,7,0,3,6,10,4,4,9,9
43,11,1,9,1,35,13,120,320,5,9,5,4,83,255,10,0,102,1,3,0,115,3,1,0,21,6,8,12,6,11,20,4,3,8,1,8,0,4,6,11,4,5,9,9
43,12,1,9,2,38,13,150,372,6,10,4,4,83,255,12,0,40,1,3,0,115,3,2,0,21,6,8,12,6,11,20,5,3,9,1,9,0,4,6,11,4,6,9,10
43,13,1,10,2,42,14,180,434,7,11,4,3,83,255,15,0,57,1,3,0,115,3,2,0,21,7,8,12,6,12,20,5,3,9,1,10,0,5,6,12,4,7,10,10
43,14,1,10,2,45,14,210,516,8,12,4,3,83,255,18,2,102,1,4,0,115,3,2,0,21,7,8,12,6,12,20,6,3,10,1,11,0,5,6,12,4,8,10,11
43,15,1,10,2,48,15,240,600,9,13,4,2,83,255,24,2,40,1,5,0,115,3,2,0,21,8,8,12,6,12,20,6,3,10,1,12,0,6,6,12,4,9,10,12
44,1,1,5,1,16,7,6,50,0,5,10,7,65,1,2,0,115,2,1,1,8,4,0,0,21,1,21,1,8,1,8,1,8,1,8,1,20,1,11,1,11,1,11,1
44,2,1,5,1,17,8,10,60,1,5,10,7,65,1,2,0,101,2,1,0,8,4,0,0,21,2,21,2,8,2,8,2,8,2,8,2,20,2,11,2,11,2,11,2
44,3,1,5,1,18,9,15,72,2,5,10,6,65,1,3,0,102,2,1,0,8,4,0,0,21,2,21,2,8,3,8,3,8,3,11,3,20,2,6,5,6,6,1,1
44,4,1,6,1,20,10,24,88,2,5,9,6,65,2,3,0,115,3,1,0,101,4,0,0,21,3,8,7,11,9,20,4,3,3,1,3,1,3,6,6,6,7,4,1
44,5,1,6,1,22,11,30,108,3,6,9,5,40,2,3,0,102,3,2,0,101,4,0,0,21,3,8,7,11,10,20,4,3,4,1,3,1,3,6,7,4,3,9,1
44,6,1,6,1,26,12,38,132,3,6,9,5,40,2,4,0,57,3,2,0,115,4,0,0,21,4,8,8,11,11,20,5,3,5,1,4,1,4,6,8,4,4,9,1
44,7,1,7,1,30,13,48,158,4,7,8,4,40,2,4,0,102,3,3,0,115,4,1,0,21,4,8,8,11,12,20,5,3,6,1,4,1,4,6,8,4,5,9,2
44,8,1,7,1,34,14,60,188,4,7,8,4,40,2,5,0,57,3,4,0,115,4,1,0,21,5,8,9,11,12,20,6,3,7,1,5,2,2,6,9,4,6,9,2
44,9,1,7,1,38,15,74,226,5,8,8,3,83,4,5,0,40,3,4,0,115,4,2,0,21,5,8,9,1,7,20,6,0,4,1,5,2,3,6,9,4,7,9,3
44,10,1,8,1,42,16,88,268,6,9,7,3,83,4,6,0,57,3,4,0,115,4,2,0,21,6,8,10,1,8,20,7,0,5,1,6,2,4,6,10,4,8,9,3
44,11,1,8,1,46,17,100,320,7,10,7,2,83,4,9,0,102,3,4,0,115,4,3,0,21,6,8,10,1,9,20,7,0,6,1,6,2,5,6,10,4,9,9,4
44,12,1,8,1,50,18,115,372,8,11,7,2,83,4,12,0,40,3,4,0,115,4,4,0,21,7,8,11,1,10,20,8,0,7,1,7,2,6,6,11,4,10,9,4
44,13,1,9,2,54,19,130,434,9,13,6,1,58,4,15,0,57,3,4,0,115,0,5,0,21,7,8,11,1,11,20,8,0,8,1,7,2,7,6,11,4,11,9,5
44,14,1,9,2,58,20,145,516,10,14,6,1,58,5,18,2,102,3,6,0,115,0,6,0,21,8,8,12,1,12,20,9,0,9,1,8,2,8,6,12,4,11,9,5
44,15,1,9,2,60,21,160,600,12,15,6,1,58,6,21,2,40,3,10,0,115,0,10,0,21,8,8,12,1,12,20,10,0,10,1,9,2,9,6,12,4,12,9,6
45,1,1,4,1,17,8,5,48,0,8,8,10,65,0,0,0,8,0,0,0,8,3,0,0,21,1,21,1,8,1,8,1,8,1,8,1,11,1,11,1,11,1,11,1
45,2,1,4,1,18,9,8,56,0,8,8,10,65,0,2,0,101,2,1,0,8,3,0,0,21,1,21,1,8,2,8,1,8,1,8,1,11,1,11,1,11,1,11,1
45,3,1,4,1,19,10,12,66,0,8,8,9,65,0,3,0,102,2,2,0,8,3,1,0,21,2,21,2,8,3,8,2,8,2,8,2,11,2,11,2,11,2,11,2
45,4,1,5,1,20,11,17,80,0,8,7,9,65,0,3,0,115,2,2,0,101,3,2,0,21,2,21,2,8,4,8,3,8,3,11,2,11,2,11,2,20,1,20,1
45,5,1,5,1,22,12,24,98,2,9,7,8,40,0,3,0,102,2,3,0,101,3,2,0,21,3,21,3,8,5,8,4,8,4,11,3,11,3,11,3,20,2,20,2
45,6,1,5,1,24,13,34,120,2,9,7,8,40,0,4,0,57,2,3,0,115,3,3,0,21,3,21,3,8,6,8,4,11,3,11,3,20,2,20,2,3,2,3,2
45,7,1,6,1,28,14,46,144,2,9,7,7,40,0,4,0,102,2,4,0,115,3,4,0,21,4,8,5,8,7,11,4,11,4,20,3,3,2,3,2,1,3,1,3
45,8,1,6,1,32,14,57,172,4,9,6,7,40,0,5,0,57,2,4,0,115,4,5,0,21,4,8,9,8,8,11,4,11,4,20,3,3,3,1,3,1,3,19,2
45,9,1,6,1,36,15,70,208,4,10,6,6,83,0,5,0,40,2,5,0,115,4,5,0,21,5,8,10,4,4,20,4,3,3,1,4,10,10,6,5,4,5,2,9
45,10,1,7,1,40,15,85,248,4,10,6,6,83,0,6,0,57,2,5,0,115,4,6,0,21,5,8,12,4,5,20,5,3,4,1,5,10,10,6,5,4,5,2,10
45,11,1,7,1,44,16,100,298,6,11,6,5,83,0,6,0,102,2,6,0,115,4,6,0,21,6,8,12,4,6,20,5,3,5,1,6,10,11,6,7,4,6,2,11
45,12,1,7,1,48,16,125,348,6,11,5,5,83,0,7,2,40,2,6,0,115,5,7,0,21,6,8,12,4,7,20,6,3,6,1,7,10,11,6,9,4,7,2,11
45,13,1,8,1,52,17,150,408,6,12,5,4,83,255,8,2,57,2,7,0,115,5,7,0,21,7,8,12,4,8,20,6,3,7,1,8,10,12,6,10,4,8,2,12
45,14,1,8,2,56,17,175,488,8,13,5,4,83,255,10,2,102,2,7,0,115,5,8,0,21,7,8,12,4,9,20,7,3,8,1,9,10,12,6,11,4,10,2,12
45,15,1,8,2,60,18,200,568,10,14,5,3,83,255,15,2,40,2,8,0,115,6,8,0,21,8,8,12,4,10,20,7,3,9,1,10,10,12,6,12,4,12,2,12
46,1,1,3,1,18,6,4,60,0,3,7,6,65,1,1,0,115,2,1,0,8,3,0,0,21,1,21,1,8,1,8,1,8,1,8,1,11,1,11,1,11,1,11,1
46,2,1,3,1,19,7,8,80,1,3,7,6,65,1,2,0,101,2,1,0,8,3,0,0,21,1,21,1,8,1,8,1,8,1,11,1,11,1,6,1,6,1,6,1
46,3,1,3,1,20,8,12,100,2,3,7,6,65,1,2,0,102,2,1,0,8,3,0,0,21,2,21,2,8,2,8,2,11,2,11,2,1,1,1,1,6,2,6,2
46,4,1,4,1,21,9,18,128,3,4,6,5,65,1,3,0,115,2,1,0,101,3,0,0,21,2,21,2,8,2,8,2,11,2,11,2,1,2,1,2,6,3,6,3
46,5,1,4,1,22,10,24,158,4,4,6,5,40,1,2,0,103,2,2,0,101,3,0,0,21,3,8,3,11,9,20,1,3,1,1,3,1,3,6,4,4,1,4,1
46,6,1,4,1,24,11,29,192,5,5,6,5,40,1,4,0,57,2,2,0,115,3,0,0,21,3,8,4,11,10,20,1,3,2,1,4,1,4,6,5,4,2,10,1
46,7,1,5,1,27,12,35,228,6,6,5,4,40,1,6,0,103,2,2,0,115,3,1,0,21,4,8,5,11,11,20,2,3,2,1,4,1,4,6,5,4,3,10,2
46,8,1,5,1,32,12,43,268,7,7,5,4,40,1,8,0,57,2,3,0,115,3,2,0,21,4,8,6,11,12,20,2,3,3,1,5,0,1,6,6,4,4,10,2
46,9,1,5,1,37,13,52,316,8,8,5,4,92,1,6,0,40,2,3,0,115,3,3,0,21,5,8,7,11,12,20,3,3,3,1,5,0,2,6,6,4,4,10,3
46,10,1,6,1,43,13,62,368,9,9,4,3,92,0,8,0,57,3,3,0,115,3,4,0,21,5,8,8,11,12,20,3,3,4,1,6,0,3,6,7,4,5,10,3
46,11,1,6,1,49,14,74,430,10,10,4,3,92,0,12,0,103,3,4,0,115,255,6,0,21,6,8,9,11,12,20,4,3,4,1,7,0,4,6,7,4,5,10,4
46,12,1,6,1,56,14,88,492,11,11,4,3,83,0,10,0,40,3,4,0,115,255,8,0,21,6,8,10,11,12,20,4,3,5,1,8,0,5,6,8,4,6,10,4
46,13,1,7,2,63,15,108,544,12,12,3,2,83,0,12,2,57,4,5,0,115,255,9,0,21,7,8,11,11,12,20,5,3,5,1,9,0,6,6,8,4,6,10,5
46,14,1,7,2,70,15,130,656,13,13,3,2,83,0,15,2,103,4,5,0,115,255,12,0,21,7,8,12,11,12,20,5,3,6,1,10,0,7,6,9,4,7,10,6
46,15,1,7,2,77,16,155,750,15,14,3,2,83,0,18,2,40,5,6,0,115,255,15,0,21,8,8,12,11,12,20,6,3,6,1,11,0,8,6,9,4,8,10,7
