3,2,1,12,7,4,0,16,0,0,0,2,3,6,1,0,0,0,2,1,0,0,2,2,255,0,255,0,255,0,255,0,255,0,255,0,255,0,255,0,255,0,255,0,255,0
3,2,1,15,9,8,0,30,0,0,0,2,3,6,1,1,0,0,2,1,0,0,2,1,0,0,255,0,255,0,255,0,255,0,255,0,255,0,255,0,255,0,255,0,255,0
3,3,1,18,11,12,0,40,0,0,0,2,3,6,1,2,0,0,2,4,1,0,2,2,1,0,255,0,255,0,255,0,255,0,255,0,255,0,255,0,255,0,255,0,255,0
3,4,1,22,12,50,0,50,0,12,0,2,2,4,1,3,2,0,2,4,1,0,2,2,0,0,255,0,255,0,255,0,255,0,255,0,255,0,255,0,255,0,255,0,255,0
3,4,1,26,15,65,0,75,0,15,0,3,2,4,1,3,3,0,2,4,1,0,2,2,1,0,255,0,255,0,255,0,255,0,255,0,255,0,255,0,255,0,255,0,255,0
3,5,1,33,18,85,0,100,0,18,0,4,2,4,1,4,4,0,2,6,2,0,2,3,2,0,255,0,255,0,255,0,255,0,255,0,255,0,255,0,255,0,255,0,255,0
3,6,2,40,20,200,0,175,0,30,0,10,0,2,1,5,3,0,2,6,2,0,21,254,20,2,0,4,8,12,3,6,6,6,2,4,10,6,1,4,1,6,20,5,4,5
3,6,2,48,22,250,0,44,1,40,0,11,0,2,1,5,4,0,2,8,3,0,21,254,30,2,0,5,8,12,3,7,6,8,2,5,10,7,1,5,1,7,20,6,4,6
3,7,2,60,24,94,1,38,2,50,0,12,0,2,1,6,5,0,2,8,4,0,21,254,75,2,0,6,8,12,3,8,6,10,2,6,10,8,1,6,1,8,20,7,4,7
3,7,2,60,24,94,1,38,2,50,0,12,0,2,1,6,5,0,2,8,4,0,21,254,75,2,0,6,8,12,3,8,6,10,2,6,10,8,1,6,1,8,20,7,4,7
3,7,2,60,24,94,1,38,2,50,0,12,0,2,1,6,5,0,2,8,4,0,21,254,75,2,0,6,8,12,3,8,6,10,2,6,10,8,1,6,1,8,20,7,4,7
3,7,2,60,24,94,1,38,2,50,0,12,0,2,1,6,5,0,2,8,4,0,21,254,75,2,0,6,8,12,3,8,6,10,2,6,10,8,1,6,1,8,20,7,4,7
3,7,2,60,24,94,1,38,2,50,0,12,0,2,1,6,5,0,2,8,4,0,21,254,75,2,0,6,8,12,3,8,6,10,2,6,10,8,1,6,1,8,20,7,4,7
3,7,2,60,24,94,1,38,2,50,0,12,0,2,1,6,5,0,2,8,4,0,21,254,75,2,0,6,8,12,3,8,6,10,2,6,10,8,1,6,1,8,20,7,4,7
3,7,2,60,24,94,1,38,2,50,0,12,0,2,1,6,5,0,2,8,4,0,21,254,75,2,0,6,8,12,3,8,6,10,2,6,10,8,1,6,1,8,20,7,4,7
3,2,1,12,6,10,0,16,0,1,0,1,0,8,1,0,0,0,2,255,1,0,2,254,2,0,255,0,255,0,255,0,255,0,255,0,255,0,255,0,255,0,255,0,255,0
3,2,1,16,7,15,0,18,0,2,0,1,0,7,1,2,0,0,2,1,1,0,2,255,2,0,255,0,255,0,255,0,255,0,255,0,255,0,255,0,255,0,255,0,255,0
3,3,1,20,8,25,0,21,0,10,0,2,2,6,1,4,255,0,2,2,2,0,2,0,3,0,255,0,255,0,255,0,255,0,255,0,255,0,255,0,255,0,255,0,255,0
3,3,1,25,10,50,0,30,0,15,0,3,2,6,1,4,255,0,2,3,2,0,2,0,5,0,255,0,255,0,255,0,255,0,255,0,255,0,255,0,255,0,255,0,255,0
3,4,1,32,14,100,0,60,0,20,0,4,2,6,1,4,254,0,2,3,2,0,9,0,5,2,255,0,255,0,255,0,255,0,255,0,255,0,255,0,255,0,255,0,255,0
3,4,1,40,16,130,0,75,0,30,0,5,2,6,1,4,253,0,2,4,3,0,9,0,8,2,255,0,255,0,255,0,255,0,255,0,255,0,255,0,255,0,255,0,255,0
3,5,2,50,18,200,0,90,0,40,0,6,0,4,1,2,8,0,2,4,3,0,2,0,8,0,255,0,255,0,255,0,255,0,255,0,255,0,255,0,255,0,255,0,255,0
3,5,2,60,20,240,0,120,0,50,0,6,0,4,1,2,10,0,2,5,5,0,2,0,10,0,255,0,255,0,255,0,255,0,255,0,255,0,255,0,255,0,255,0,255,0
3,6,2,74,24,244,1,176,4,80,0,13,2,2,1,255,50,0,2,1,17,0,2,1,17,0,8,12,10,12,0,8,4,7,4,9,4,11,12,8,1,10,1,8,20,5
3,6,2,74,24,244,1,176,4,80,0,13,2,2,1,255,50,0,2,1,17,0,2,1,17,0,8,12,10,12,0,8,4,7,4,9,4,11,12,8,1,10,1,8,20,5
3,6,2,74,24,244,1,176,4,80,0,13,2,2,1,255,50,0,2,1,17,0,2,1,17,0,8,12,10,12,0,8,4,7,4,9,4,11,12,8,1,10,1,8,20,5
3,6,2,74,24,244,1,176,4,80,0,13,2,2,1,255,50,0,2,1,17,0,2,1,17,0,8,12,10,12,0,8,4,7,4,9,4,11,12,8,1,10,1,8,20,5
3,6,2,74,24,244,1,176,4,80,0,13,2,2,1,255,50,0,2,1,17,0,2,1,17,0,8,12,10,12,0,8,4,7,4,9,4,11,12,8,1,10,1,8,20,5
3,6,2,74,24,244,1,176,4,80,0,13,2,2,1,255,50,0,2,1,17,0,2,1,17,0,8,12,10,12,0,8,4,7,4,9,4,11,12,8,1,10,1,8,20,5
3,6,2,74,24,244,1,176,4,15,0,4,2,2,1,255,50,0,2,1,17,0,2,1,17,0,8,12,10,12,0,8,4,7,4,9,4,11,12,8,1,10,1,8,20,5
3,4,1,14,10,12,0,50,0,2,0,1,4,6,1,0,255,0,2,3,254,0,2,0,0,0,255,0,255,0,255,0,255,0,255,0,255,0,255,0,255,0,255,0,255,0
3,4,1,16,11,18,0,70,0,3,0,1,4,6,1,1,0,0,2,2,255,0,2,0,1,0,255,0,255,0,255,0,255,0,255,0,255,0,255,0,255,0,255,0,255,0
3,4,2,18,11,28,0,90,0,4,0,1,4,5,1,2,1,0,2,1,0,0,2,0,2,0,255,0,255,0,255,0,255,0,255,0,255,0,255,0,255,0,255,0,255,0
3,5,1,20,11,100,0,100,0,20,0,2,0,4,1,4,0,0,2,2,0,0,2,0,2,0,255,0,255,0,255,0,255,0,255,0,255,0,255,0,255,0,255,0,255,0
3,5,1,24,12,125,0,125,0,25,0,2,0,4,1,4,1,0,2,2,0,0,2,0,2,0,255,0,255,0,255,0,255,0,255,0,255,0,255,0,255,0,255,0,255,0
3,6,1,28,14,160,0,150,0,30,0,2,0,3,1,4,2,0,2,2,0,0,2,0,3,0,255,0,255,0,255,0,255,0,255,0,255,0,255,0,255,0,255,0,255,0
3,6,1,32,16,200,0,144,1,45,0,10,0,3,1,6,1,0,2,2,0,0,2,255,20,0,9,8,6,6,6,7,8,12,16,5,1,5,4,4,20,6,1,3,0,5
3,6,2,36,17,225,0,88,2,60,0,12,0,3,1,6,1,0,2,2,6,0,2,255,30,0,9,9,6,8,6,9,8,12,16,6,1,7,4,6,20,8,1,4,0,6
3,6,2,40,18,250,0,238,2,75,0,13,0,3,1,6,1,0,2,2,6,0,2,255,30,0,9,10,6,10,6,12,8,12,16,8,1,9,4,8,20,10,1,6,0,8
3,6,2,40,18,250,0,238,2,75,0,13,0,3,1,6,1,0,2,2,6,0,2,255,30,0,9,10,6,10,6,12,8,12,16,8,1,9,4,8,20,10,1,6,0,8
3,6,2,40,18,250,0,238,2,75,0,13,0,3,1,6,1,0,2,2,6,0,2,255,30,0,9,10,6,10,6,12,8,12,16,8,1,9,4,8,20,10,1,6,0,8
3,6,2,40,18,250,0,238,2,75,0,13,0,3,1,6,1,0,2,2,6,0,2,255,30,0,9,10,6,10,6,12,8,12,16,8,1,9,4,8,20,10,1,6,0,8
3,6,2,40,18,250,0,238,2,75,0,13,0,3,1,6,1,0,2,2,6,0,2,255,30,0,9,10,6,10,6,12,8,12,16,8,1,9,4,8,20,10,1,6,0,8
3,6,2,40,18,250,0,238,2,75,0,13,0,3,1,6,1,0,2,2,6,0,2,255,30,0,9,10,6,10,6,12,8,12,16,8,1,9,4,8,20,10,1,6,0,8
3,6,2,40,18,250,0,238,2,75,0,13,0,3,1,6,1,0,2,2,6,0,2,255,30,0,9,10,6,10,6,12,8,12,16,8,1,9,4,8,20,10,1,6,0,8
4,3,1,12,8,5,0,18,0,2,0,1,0,9,3,2,0,0,3,255,2,0,3,255,3,0,255,0,255,0,255,0,255,0,255,0,255,0,255,0,255,0,255,0,255,0
4,4,1,14,10,14,0,20,0,2,0,1,0,9,3,2,0,0,3,0,1,0,3,0,4,0,255,0,255,0,255,0,255,0,255,0,255,0,255,0,255,0,255,0,255,0
4,5,1,19,12,20,0,45,0,4,0,2,3,7,3,2,1,0,15,255,254,1,3,0,5,0,255,0,255,0,255,0,255,0,255,0,255,0,255,0,255,0,255,0,255,0
4,5,1,24,14,30,0,60,0,4,0,2,3,7,3,3,3,0,15,255,254,1,3,0,7,0,255,0,255,0,255,0,255,0,255,0,255,0,255,0,255,0,255,0,255,0
4,6,1,30,16,60,0,180,0,6,0,2,3,5,3,3,3,0,15,255,255,2,17,0,8,0,255,0,255,0,255,0,255,0,255,0,255,0,255,0,255,0,255,0,255,0
4,6,1,36,18,90,0,200,0,6,0,2,3,5,3,4,3,0,15,255,254,2,17,0,10,0,255,0,255,0,255,0,255,0,255,0,255,0,255,0,255,0,255,0,255,0
4,7,1,45,22,120,0,132,3,9,0,11,0,2,3,5,3,0,16,255,12,2,3,0,12,0,21,6,8,10,8,10,1,6,1,6,1,7,4,7,20,5,6,6,10,6
4,7,2,60,25,160,0,232,3,9,0,11,0,2,3,6,4,0,16,255,18,2,3,0,15,0,21,8,8,12,8,12,1,7,1,7,1,8,4,9,20,7,6,8,10,7
4,7,2,60,25,160,0,232,3,9,0,11,0,2,3,6,4,0,16,255,18,2,3,0,15,0,21,8,8,12,8,12,1,7,1,7,1,8,4,9,20,7,6,8,10,7
4,7,2,60,25,160,0,232,3,9,0,11,0,2,3,6,4,0,16,255,18,2,3,0,15,0,21,8,8,12,8,12,1,7,1,7,1,8,4,9,20,7,6,8,10,7
4,7,2,60,25,160,0,232,3,9,0,11,0,2,3,6,4,0,16,255,18,2,3,0,15,0,21,8,8,12,8,12,1,7,1,7,1,8,4,9,20,7,6,8,10,7
4,7,2,60,25,160,0,232,3,9,0,11,0,2,3,6,4,0,16,255,18,2,3,0,15,0,21,8,8,12,8,12,1,7,1,7,1,8,4,9,20,7,6,8,10,7
4,7,2,60,25,160,0,232,3,9,0,11,0,2,3,6,4,0,16,255,18,2,3,0,15,0,21,8,8,12,8,12,1,7,1,7,1,8,4,9,20,7,6,8,10,7
4,7,2,60,25,160,0,232,3,9,0,11,0,2,3,6,4,0,16,255,18,2,3,0,15,0,21,8,8,12,8,12,1,7,1,7,1,8,4,9,20,7,6,8,10,7
4,7,2,60,25,160,0,232,3,9,0,11,0,2,3,6,4,0,16,255,18,2,3,0,15,0,21,8,8,12,8,12,1,7,1,7,1,8,4,9,20,7,6,8,10,7
4,3,1,12,8,6,0,25,0,1,0,1,4,7,2,0,1,0,6,0,254,0,2,3,255,0,255,0,255,0,255,0,255,0,255,0,255,0,255,0,255,0,255,0,255,0
4,4,1,15,10,10,0,30,0,2,0,1,4,7,2,1,2,0,6,0,255,0,2,3,255,0,255,0,255,0,255,0,255,0,255,0,255,0,255,0,255,0,255,0,255,0
4,5,1,20,12,20,0,60,0,4,0,2,3,5,2,2,2,0,3,0,4,0,19,1,2,0,255,0,255,0,255,0,255,0,255,0,255,0,255,0,255,0,255,0,255,0
4,5,1,25,14,30,0,75,0,6,0,2,3,5,2,2,3,0,3,0,5,0,19,1,3,0,255,0,255,0,255,0,255,0,255,0,255,0,255,0,255,0,255,0,255,0
4,6,1,36,16,40,0,200,0,8,0,3,2,4,2,3,2,0,3,1,8,0,20,254,20,0,255,0,255,0,255,0,255,0,255,0,255,0,255,0,255,0,255,0,255,0
4,6,1,44,18,54,0,44,1,9,0,3,2,4,2,3,3,0,3,1,10,0,20,254,25,0,255,0,255,0,255,0,255,0,255,0,255,0,255,0,255,0,255,0,255,0
4,7,1,65,20,80,0,244,1,12,0,4,0,2,42,4,6,0,3,1,12,0,20,254,30,4,255,0,255,0,255,0,255,0,255,0,255,0,255,0,255,0,255,0,255,0
4,7,2,75,22,106,0,238,2,15,0,4,0,2,42,4,6,0,3,1,18,0,20,254,40,4,255,0,255,0,255,0,255,0,255,0,255,0,255,0,255,0,255,0,255,0
4,7,2,75,22,106,0,238,2,15,0,4,0,2,42,4,6,0,3,1,18,0,20,254,40,4,255,0,255,0,255,0,255,0,255,0,255,0,255,0,255,0,255,0,255,0
4,7,2,75,22,106,0,238,2,15,0,4,0,2,42,4,6,0,3,1,18,0,20,254,40,4,255,0,255,0,255,0,255,0,255,0,255,0,255,0,255,0,255,0,255,0
4,7,2,75,22,106,0,238,2,15,0,4,0,2,42,4,6,0,3,1,18,0,20,254,40,4,255,0,255,0,255,0,255,0,255,0,255,0,255,0,255,0,255,0,255,0
4,7,2,75,22,106,0,238,2,15,0,4,0,2,42,4,6,0,3,1,18,0,20,254,40,4,255,0,255,0,255,0,255,0,255,0,255,0,255,0,255,0,255,0,255,0
4,7,2,75,22,106,0,238,2,15,0,4,0,2,42,4,6,0,3,1,18,0,20,254,40,4,255,0,255,0,255,0,255,0,255,0,255,0,255,0,255,0,255,0,255,0
4,7,2,75,22,106,0,238,2,15,0,4,0,2,42,4,6,0,3,1,18,0,20,254,40,4,255,0,255,0,255,0,255,0,255,0,255,0,255,0,255,0,255,0,255,0
4,7,2,75,22,106,0,238,2,15,0,4,0,2,42,4,6,0,3,1,18,0,20,254,40,4,255,0,255,0,255,0,255,0,255,0,255,0,255,0,255,0,255,0,255,0
5,2,1,16,9,16,0,28,0,2,0,1,4,7,2,1,0,0,13,2,252,1,2,255,3,0,255,0,255,0,255,0,255,0,255,0,255,0,255,0,255,0,255,0,255,0
5,3,1,20,10,21,0,40,0,4,0,1,4,7,2,2,0,0,13,2,254,1,2,0,4,0,255,0,255,0,255,0,255,0,255,0,255,0,255,0,255,0,255,0,255,0
5,4,1,24,11,30,0,60,0,4,0,1,3,5,2,2,2,0,13,4,254,1,2,1,6,0,255,0,255,0,255,0,255,0,255,0,255,0,255,0,255,0,255,0,255,0
5,4,1,28,12,45,0,100,0,6,0,2,3,5,2,3,2,0,13,2,0,1,2,2,2,0,255,0,255,0,255,0,255,0,255,0,255,0,255,0,255,0,255,0,255,0
5,5,1,32,17,80,0,94,1,9,0,2,3,4,2,4,2,0,13,1,12,0,14,253,0,1,255,0,255,0,255,0,255,0,255,0,255,0,255,0,255,0,255,0,255,0
5,5,1,36,18,120,0,144,1,9,0,2,2,4,2,4,4,0,13,1,14,0,14,254,0,1,255,0,255,0,255,0,255,0,255,0,255,0,255,0,255,0,255,0,255,0
5,6,1,41,20,180,0,194,1,10,0,3,2,2,2,5,6,0,13,1,16,0,14,255,0,1,255,0,255,0,255,0,255,0,255,0,255,0,255,0,255,0,255,0,255,0
5,7,1,48,22,4,1,244,1,12,0,3,0,2,2,6,8,0,13,1,20,0,14,0,0,1,255,0,255,0,255,0,255,0,255,0,255,0,255,0,255,0,255,0,255,0
5,7,1,48,22,4,1,244,1,12,0,3,0,2,2,6,8,0,13,1,20,0,14,0,0,1,255,0,255,0,255,0,255,0,255,0,255,0,255,0,255,0,255,0,255,0
5,7,1,48,22,4,1,244,1,12,0,3,0,2,2,6,8,0,13,1,20,0,14,0,0,1,255,0,255,0,255,0,255,0,255,0,255,0,255,0,255,0,255,0,255,0
5,7,1,48,22,4,1,244,1,12,0,3,0,2,2,6,8,0,13,1,20,0,14,0,0,1,255,0,255,0,255,0,255,0,255,0,255,0,255,0,255,0,255,0,255,0
5,7,1,48,22,4,1,244,1,12,0,3,0,2,2,6,8,0,13,1,20,0,14,0,0,1,255,0,255,0,255,0,255,0,255,0,255,0,255,0,255,0,255,0,255,0
5,7,1,48,22,4,1,244,1,12,0,3,0,2,2,6,8,0,13,1,20,0,14,0,0,1,255,0,255,0,255,0,255,0,255,0,255,0,255,0,255,0,255,0,255,0
5,7,1,48,22,4,1,244,1,12,0,3,0,2,2,6,8,0,13,1,20,0,14,0,0,1,255,0,255,0,255,0,255,0,255,0,255,0,255,0,255,0,255,0,255,0
5,7,1,48,22,4,1,244,1,12,0,3,0,2,2,6,8,0,13,1,20,0,14,0,0,1,255,0,255,0,255,0,255,0,255,0,255,0,255,0,255,0,255,0,255,0
5,2,1,20,12,19,0,100,0,2,0,2,3,9,1,255,4,0,1,0,2,0,1,1,1,0,255,0,255,0,255,0,255,0,255,0,255,0,255,0,255,0,255,0,255,0
5,3,1,24,13,23,0,125,0,2,0,2,3,9,1,0,5,0,1,1,3,0,1,1,2,0,255,0,255,0,255,0,255,0,255,0,255,0,255,0,255,0,255,0,255,0
5,4,1,28,14,27,0,150,0,4,0,2,3,7,1,0,6,0,1,1,4,0,1,2,3,0,255,0,255,0,255,0,255,0,255,0,255,0,255,0,255,0,255,0,255,0
5,5,1,35,15,42,0,200,0,20,0,3,2,7,1,0,10,0,1,1,6,2,1,2,5,0,255,0,255,0,255,0,255,0,255,0,255,0,255,0,255,0,255,0,255,0
5,6,1,40,16,62,0,250,0,24,0,3,2,5,1,1,12,0,1,2,8,2,1,3,6,0,255,0,255,0,255,0,255,0,255,0,255,0,255,0,255,0,255,0,255,0
5,6,1,48,18,82,0,44,1,30,0,3,1,5,1,1,15,0,1,2,9,2,1,3,6,0,255,0,255,0,255,0,255,0,255,0,255,0,255,0,255,0,255,0,255,0
5,7,1,60,20,120,0,144,1,45,0,5,0,2,1,253,0,1,1,255,10,0,1,4,7,0,8,10,8,10,4,6,1,5,1,4,1,4,1,4,1,4,6,3,6,3
5,8,2,75,21,145,0,244,1,60,0,7,0,2,1,254,0,1,1,0,12,0,1,4,8,0,8,11,8,11,4,7,1,4,1,5,1,6,6,8,6,8,20,4,20,4
5,8,2,90,22,175,0,88,2,75,0,8,0,2,1,255,0,1,1,1,14,0,1,5,10,0,8,12,8,12,4,8,1,6,1,7,1,8,6,9,6,9,20,5,20,5
5,8,2,90,22,175,0,88,2,75,0,9,0,2,1,255,0,1,1,1,14,0,1,5,10,0,8,12,8,12,4,8,1,6,1,7,1,8,6,9,6,9,20,5,20,5
5,8,2,90,22,175,0,88,2,75,0,9,0,2,1,255,0,1,1,1,14,0,1,5,10,0,8,12,8,12,4,8,1,6,1,7,1,8,6,9,6,9,20,5,20,5
5,8,2,90,22,175,0,88,2,75,0,9,0,2,1,255,0,1,1,1,14,0,1,5,10,0,8,12,8,12,4,8,1,6,1,7,1,8,6,9,6,9,20,5,20,5
5,8,2,90,22,175,0,88,2,75,0,9,0,2,1,255,0,1,1,1,14,0,1,5,10,0,8,12,8,12,4,8,1,6,1,7,1,8,6,9,6,9,20,5,20,5
5,8,2,90,22,175,0,88,2,75,0,9,0,2,1,255,0,1,1,1,14,0,1,5,10,0,8,12,8,12,4,8,1,6,1,7,1,8,6,9,6,9,20,5,20,5
5,8,2,90,22,175,0,88,2,75,0,9,0,2,1,255,0,1,1,1,14,0,1,5,10,0,8,12,8,12,4,8,1,6,1,7,1,8,6,9,6,9,20,5,20,5
5,2,1,16,7,16,0,30,0,0,0,1,3,7,3,1,0,0,3,0,255,0,3,255,2,0,255,0,255,0,255,0,255,0,255,0,255,0,255,0,255,0,255,0,255,0
5,3,1,20,8,20,0,40,0,2,0,2,3,6,3,2,1,0,3,0,0,0,3,255,2,0,255,0,255,0,255,0,255,0,255,0,255,0,255,0,255,0,255,0,255,0
5,4,1,24,9,26,0,50,0,2,0,2,3,5,3,2,2,0,3,0,1,0,3,0,1,0,255,0,255,0,255,0,255,0,255,0,255,0,255,0,255,0,255,0,255,0
5,4,1,30,14,40,0,90,0,3,0,3,2,5,3,2,2,0,3,255,0,1,3,5,2,0,255,0,255,0,255,0,255,0,255,0,255,0,255,0,255,0,255,0,255,0
5,5,1,36,15,60,0,110,0,3,0,3,2,4,3,2,2,0,3,255,0,1,3,5,2,0,255,0,255,0,255,0,255,0,255,0,255,0,255,0,255,0,255,0,255,0
5,5,1,42,16,80,0,130,0,3,0,4,2,4,3,2,2,0,3,255,0,1,3,5,2,0,255,0,255,0,255,0,255,0,255,0,255,0,255,0,255,0,255,0,255,0
5,6,1,50,18,125,0,119,1,5,0,5,0,2,3,0,251,1,3,2,10,0,18,4,4,0,255,0,255,0,255,0,255,0,255,0,255,0,255,0,255,0,255,0,255,0
5,6,2,60,19,145,0,144,1,5,0,6,0,2,3,0,250,1,3,2,18,0,18,4,6,0,255,0,255,0,255,0,255,0,255,0,255,0,255,0,255,0,255,0,255,0
5,6,2,70,20,180,0,88,2,5,0,6,0,2,3,0,249,1,3,2,36,0,18,4,8,0,255,0,255,0,255,0,255,0,255,0,255,0,255,0,255,0,255,0,255,0
5,6,2,70,20,180,0,88,2,5,0,6,0,2,3,0,249,1,3,2,36,0,18,4,8,0,255,0,255,0,255,0,255,0,255,0,255,0,255,0,255,0,255,0,255,0
5,6,2,70,20,180,0,88,2,5,0,6,0,2,3,0,249,1,3,2,36,0,18,4,8,0,255,0,255,0,255,0,255,0,255,0,255,0,255,0,255,0,255,0,255,0
5,6,2,70,20,180,0,88,2,5,0,6,0,2,3,0,249,1,3,2,36,0,18,4,8,0,255,0,255,0,255,0,255,0,255,0,255,0,255,0,255,0,255,0,255,0
5,6,2,70,20,180,0,88,2,5,0,6,0,2,3,0,249,1,3,2,36,0,18,4,8,0,255,0,255,0,255,0,255,0,255,0,255,0,255,0,255,0,255,0,255,0
5,6,2,70,20,180,0,88,2,5,0,6,0,2,3,0,249,1,3,2,36,0,18,4,8,0,255,0,255,0,255,0,255,0,255,0,255,0,255,0,255,0,255,0,255,0
5,6,2,70,20,180,0,88,2,5,0,6,0,2,3,0,249,1,3,2,36,0,18,4,8,0,255,0,255,0,255,0,255,0,255,0,255,0,255,0,255,0,255,0,255,0
7,2,1,12,7,8,0,20,0,0,0,1,4,10,65,0,1,0,115,255,2,0,115,1,0,0,255,0,255,0,255,0,255,0,255,0,255,0,255,0,255,0,255,0,255,0
7,2,1,16,8,12,0,35,0,0,0,1,4,10,65,0,2,0,115,0,3,0,115,2,0,0,255,0,255,0,255,0,255,0,255,0,255,0,255,0,255,0,255,0,255,0
7,2,1,21,9,17,0,60,0,2,0,1,4,9,65,0,3,0,115,1,4,0,115,3,1,0,255,0,255,0,255,0,255,0,255,0,255,0,255,0,255,0,255,0,255,0
7,3,1,26,11,25,0,150,0,2,0,3,3,9,40,0,4,0,40,0,3,0,40,2,1,0,255,0,255,0,255,0,255,0,255,0,255,0,255,0,255,0,255,0,255,0
7,3,1,32,13,35,0,200,0,4,0,3,3,8,40,0,5,0,40,1,4,0,40,3,2,0,255,0,255,0,255,0,255,0,255,0,255,0,255,0,255,0,255,0,255,0
7,3,1,39,15,47,0,250,0,6,0,4,3,8,40,0,7,0,40,2,5,0,40,3,3,0,255,0,255,0,255,0,255,0,255,0,255,0,255,0,255,0,255,0,255,0
7,4,1,45,17,60,0,144,1,7,0,5,3,7,42,0,8,0,42,3,4,0,42,3,2,0,255,0,255,0,255,0,255,0,255,0,255,0,255,0,255,0,255,0,255,0
7,5,1,50,18,80,0,244,1,9,0,6,3,7,42,255,10,2,42,2,5,0,42,3,3,0,255,0,255,0,255,0,255,0,255,0,255,0,255,0,255,0,255,0,255,0
7,6,1,55,19,100,0,88,2,11,0,7,3,6,42,255,12,2,42,2,6,0,42,3,4,0,255,0,255,0,255,0,255,0,255,0,255,0,255,0,255,0,255,0,255,0
7,7,1,60,20,120,0,32,3,12,0,8,0,6,42,255,15,2,42,3,8,0,42,4,4,0,255,0,255,0,255,0,255,0,255,0,255,0,255,0,255,0,255,0,255,0
7,8,1,70,21,140,0,132,3,15,0,9,0,5,42,255,20,2,42,3,9,0,42,4,5,0,255,0,255,0,255,0,255,0,255,0,255,0,255,0,255,0,255,0,255,0
7,9,1,80,22,165,0,232,3,18,0,9,0,5,42,255,30,2,42,3,10,0,42,4,8,0,255,0,255,0,255,0,255,0,255,0,255,0,255,0,255,0,255,0,255,0
7,9,1,80,22,165,0,232,3,18,0,9,0,5,42,255,30,2,42,3,10,0,42,4,8,0,255,0,255,0,255,0,255,0,255,0,255,0,255,0,255,0,255,0,255,0
7,9,1,80,22,165,0,232,3,18,0,9,0,5,42,255,30,2,42,3,10,0,42,4,8,0,255,0,255,0,255,0,255,0,255,0,255,0,255,0,255,0,255,0,255,0
7,9,1,80,22,165,0,232,3,18,0,9,0,5,42,255,30,2,42,3,10,0,42,4,8,0,255,0,255,0,255,0,255,0,255,0,255,0,255,0,255,0,255,0,255,0
6,3,1,1,120,0,0,36,0,0,0,1,10,8,0,0,0,0,0,0,0,0,0,0,0,0,8,1,8,1,8,1,8,1,8,1,8,1,8,1,8,1,7,1,7,2
6,3,1,1,120,0,0,45,0,0,0,1,10,8,0,0,0,0,0,0,0,0,0,0,0,0,8,1,8,2,8,1,8,2,8,2,11,1,11,1,7,1,7,2,7,3
6,3,1,1,120,0,0,75,0,0,0,1,10,7,0,0,0,0,0,0,0,0,0,0,0,0,8,2,8,2,8,2,8,3,8,3,11,2,11,2,3,3,3,2,9,1
6,4,1,24,14,50,0,200,0,5,0,2,9,7,2,3,0,0,2,1,0,0,2,255,4,0,6,3,6,5,8,5,6,4,21,4,8,9,4,3,7,10,0,3,9,4
6,4,1,26,15,80,0,44,1,8,0,3,9,7,2,4,2,0,2,2,4,0,2,255,8,0,6,4,6,6,8,7,7,11,21,5,10,5,4,4,7,11,0,4,9,5
6,4,1,28,16,110,0,144,1,12,0,4,9,6,2,5,4,0,2,3,6,2,2,255,12,0,6,6,6,8,8,9,7,12,21,6,10,6,4,5,7,12,0,5,9,6
6,5,1,40,17,19,1,88,2,15,0,3,7,6,2,6,0,0,7,2,250,2,2,2,0,0,255,0,255,0,255,0,255,0,255,0,255,0,255,0,255,0,255,0,255,0
6,5,1,45,18,69,1,32,3,18,0,4,7,6,2,6,2,0,7,4,252,2,2,4,2,0,255,0,255,0,255,0,255,0,255,0,255,0,255,0,255,0,255,0,255,0
6,5,1,50,19,134,1,232,3,21,0,5,7,5,2,6,4,0,7,6,254,2,2,6,4,0,255,0,255,0,255,0,255,0,255,0,255,0,255,0,255,0,255,0,255,0
8,6,1,60,20,244,1,220,5,25,0,12,0,5,0,0,0,0,0,0,0,0,0,0,0,0,6,10,3,10,1,8,1,6,21,9,4,7,4,6,20,7,10,10,9,8
8,7,1,60,21,88,2,196,9,30,0,13,0,4,0,0,0,0,0,0,0,0,0,0,0,0,6,11,3,10,1,8,1,7,21,9,4,8,4,7,20,8,10,11,9,9
8,8,1,75,23,188,2,160,15,40,0,14,0,3,0,0,0,0,0,0,0,0,0,0,0,0,6,11,3,11,1,9,1,8,21,10,4,9,4,8,20,10,10,12,9,10
8,10,1,75,25,32,3,16,39,50,0,15,0,2,0,0,0,0,0,0,0,0,0,0,0,0,6,12,3,12,1,9,1,11,21,10,4,10,4,9,20,12,10,12,9,10
8,10,1,75,25,32,3,16,39,50,0,15,0,2,0,0,0,0,0,0,0,0,0,0,0,0,6,12,3,12,1,9,1,11,21,10,4,10,4,9,20,12,10,12,9,10
8,10,1,75,25,32,3,16,39,50,0,15,0,2,0,0,0,0,0,0,0,0,0,0,0,0,6,12,3,12,1,9,1,11,21,10,4,10,4,9,20,12,10,12,9,10
7,3,1,22,15,25,0,250,0,0,0,2,2,6,1,0,0,0,1,0,1,0,1,0,2,2,255,0,255,0,255,0,255,0,255,0,255,0,255,0,255,0,255,0,255,0
7,3,1,26,16,31,0,44,1,0,0,2,2,6,1,1,0,0,1,0,2,0,1,0,4,2,255,0,255,0,255,0,255,0,255,0,255,0,255,0,255,0,255,0,255,0
7,3,1,30,17,40,0,94,1,2,0,3,2,5,1,2,0,0,1,1,3,0,1,0,6,2,255,0,255,0,255,0,255,0,255,0,255,0,255,0,255,0,255,0,255,0
7,3,1,35,18,55,0,144,1,2,0,3,2,5,1,2,0,0,1,1,5,0,1,0,8,2,255,0,255,0,255,0,255,0,255,0,255,0,255,0,255,0,255,0,255,0
7,4,1,45,20,80,0,244,1,4,0,4,0,3,1,3,4,0,1,0,2,1,1,254,19,0,255,0,255,0,255,0,255,0,255,0,255,0,255,0,255,0,255,0,255,0
7,4,1,55,21,105,0,88,2,6,0,5,0,3,1,3,8,0,1,0,3,1,1,254,27,0,255,0,255,0,255,0,255,0,255,0,255,0,255,0,255,0,255,0,255,0
7,5,1,65,22,130,0,188,2,7,0,6,0,2,1,4,12,0,1,0,4,1,1,254,65,0,255,0,255,0,255,0,255,0,255,0,255,0,255,0,255,0,255,0,255,0
7,5,1,75,23,160,0,82,3,9,0,8,0,2,1,5,16,0,1,0,5,1,1,254,65,0,255,0,255,0,255,0,255,0,255,0,255,0,255,0,255,0,255,0,255,0
7,5,1,75,23,160,0,82,3,9,0,8,0,2,1,5,16,0,1,0,5,1,1,254,65,0,255,0,255,0,255,0,255,0,255,0,255,0,255,0,255,0,255,0,255,0
7,5,1,75,23,160,0,82,3,9,0,8,0,2,1,5,16,0,1,0,5,1,1,254,65,0,255,0,255,0,255,0,255,0,255,0,255,0,255,0,255,0,255,0,255,0
7,5,1,75,23,160,0,82,3,9,0,8,0,2,1,5,16,0,1,0,5,1,1,254,65,0,255,0,255,0,255,0,255,0,255,0,255,0,255,0,255,0,255,0,255,0
7,5,1,75,23,160,0,82,3,9,0,8,0,2,1,5,16,0,1,0,5,1,1,254,65,0,255,0,255,0,255,0,255,0,255,0,255,0,255,0,255,0,255,0,255,0
7,5,1,75,23,160,0,82,3,9,0,8,0,2,1,5,16,0,1,0,5,1,1,254,65,0,255,0,255,0,255,0,255,0,255,0,255,0,255,0,255,0,255,0,255,0
7,5,1,75,23,160,0,82,3,9,0,8,0,2,1,5,16,0,1,0,5,1,1,254,65,0,255,0,255,0,255,0,255,0,255,0,255,0,255,0,255,0,255,0,255,0
7,5,1,75,23,160,0,82,3,9,0,8,0,2,1,5,16,0,1,0,5,1,1,254,65,0,255,0,255,0,255,0,255,0,255,0,255,0,255,0,255,0,255,0,255,0
10,5,1,20,12,32,0,250,0,8,0,3,2,6,42,0,6,0,2,2,2,0,2,1,0,0,255,0,255,0,255,0,255,0,255,0,255,0,255,0,255,0,255,0,255,0
10,5,1,22,12,40,0,44,1,10,0,3,2,6,42,0,7,0,2,2,2,0,2,1,0,0,255,0,255,0,255,0,255,0,255,0,255,0,255,0,255,0,255,0,255,0
10,5,1,24,14,60,0,94,1,12,0,3,2,5,42,0,8,0,2,2,3,0,2,2,0,0,255,0,255,0,255,0,255,0,255,0,255,0,255,0,255,0,255,0,255,0
10,6,1,28,14,100,0,244,1,18,0,6,2,4,83,0,8,0,2,2,3,0,1,2,0,0,255,0,255,0,255,0,255,0,255,0,255,0,255,0,255,0,255,0,255,0
10,6,1,32,15,120,0,88,2,21,0,6,0,4,83,0,8,0,2,2,3,0,1,2,0,0,255,0,255,0,255,0,255,0,255,0,255,0,255,0,255,0,255,0,255,0
10,6,1,36,16,140,0,188,2,24,0,6,0,3,83,0,9,0,2,2,4,0,1,2,0,0,255,0,255,0,255,0,255,0,255,0,255,0,255,0,255,0,255,0,255,0
10,7,1,40,17,200,0,32,3,30,0,8,0,3,42,0,10,0,42,1,4,2,42,2,2,0,255,0,255,0,255,0,255,0,255,0,255,0,255,0,255,0,255,0,255,0
10,7,1,45,18,240,0,132,3,40,0,10,0,3,42,0,12,0,42,1,6,2,42,3,3,0,255,0,255,0,255,0,255,0,255,0,255,0,255,0,255,0,255,0,255,0
10,7,1,50,19,64,1,232,3,60,0,12,0,2,42,0,14,0,42,1,8,2,42,4,4,0,255,0,255,0,255,0,255,0,255,0,255,0,255,0,255,0,255,0,255,0
10,7,1,50,19,64,1,232,3,60,0,12,0,2,42,0,14,0,42,1,8,2,42,4,4,0,255,0,255,0,255,0,255,0,255,0,255,0,255,0,255,0,255,0,255,0
10,7,1,50,19,64,1,232,3,60,0,12,0,2,42,0,14,0,42,1,8,2,42,4,4,0,255,0,255,0,255,0,255,0,255,0,255,0,255,0,255,0,255,0,255,0
10,7,1,50,19,64,1,232,3,60,0,12,0,2,42,0,14,0,42,1,8,2,42,4,4,0,255,0,255,0,255,0,255,0,255,0,255,0,255,0,255,0,255,0,255,0
10,7,1,50,19,64,1,232,3,60,0,12,0,2,42,0,14,0,42,1,8,2,42,4,4,0,255,0,255,0,255,0,255,0,255,0,255,0,255,0,255,0,255,0,255,0
10,7,1,50,19,64,1,232,3,60,0,12,0,2,42,0,14,0,42,1,8,2,42,4,4,0,255,0,255,0,255,0,255,0,255,0,255,0,255,0,255,0,255,0,255,0
10,7,1,50,19,4,1,232,3,18,0,12,0,2,42,0,14,0,42,1,8,2,42,4,4,0,255,0,255,0,255,0,255,0,255,0,255,0,255,0,255,0,255,0,255,0
10,5,1,25,15,50,0,44,1,4,0,3,3,4,103,255,4,0,103,0,2,0,11,3,0,0,255,0,255,0,255,0,255,0,255,0,255,0,255,0,255,0,255,0,255,0
10,5,1,27,16,70,0,144,1,5,0,3,3,4,103,255,6,0,103,0,3,0,11,3,0,0,255,0,255,0,255,0,255,0,255,0,255,0,255,0,255,0,255,0,255,0
10,5,1,29,17,90,0,244,1,6,0,4,2,4,103,255,8,0,103,0,4,0,11,3,0,0,255,0,255,0,255,0,255,0,255,0,255,0,255,0,255,0,255,0,255,0
10,5,1,31,18,120,0,88,2,7,0,4,2,4,103,255,10,0,103,0,8,0,11,3,0,0,255,0,255,0,255,0,255,0,255,0,255,0,255,0,255,0,255,0,255,0
10,6,1,36,19,160,0,32,3,8,0,5,0,3,42,255,20,0,42,0,8,0,12,4,0,0,255,0,255,0,255,0,255,0,255,0,255,0,255,0,255,0,255,0,255,0
10,6,1,42,20,200,0,132,3,9,0,5,0,3,42,255,25,0,42,0,9,0,12,4,0,0,255,0,255,0,255,0,255,0,255,0,255,0,255,0,255,0,255,0,255,0
10,6,1,48,22,44,1,232,3,10,0,6,0,3,42,255,30,0,42,1,10,0,12,5,0,0,255,0,255,0,255,0,255,0,255,0,255,0,255,0,255,0,255,0,255,0
10,6,1,60,24,144,1,176,4,11,0,6,0,3,42,255,35,0,42,1,11,0,12,6,0,0,255,0,255,0,255,0,255,0,255,0,255,0,255,0,255,0,255,0,255,0
10,6,1,60,24,144,1,176,4,11,0,6,0,3,42,255,35,0,42,1,11,0,12,6,0,0,255,0,255,0,255,0,255,0,255,0,255,0,255,0,255,0,255,0,255,0
10,6,1,60,24,144,1,176,4,11,0,6,0,3,42,255,35,0,42,1,11,0,12,6,0,0,255,0,255,0,255,0,255,0,255,0,255,0,255,0,255,0,255,0,255,0
10,6,1,60,24,144,1,176,4,11,0,6,0,3,42,255,35,0,42,1,11,0,12,6,0,0,255,0,255,0,255,0,255,0,255,0,255,0,255,0,255,0,255,0,255,0
10,6,1,60,24,144,1,176,4,11,0,6,0,3,42,255,35,0,42,1,11,0,12,6,0,0,255,0,255,0,255,0,255,0,255,0,255,0,255,0,255,0,255,0,255,0
10,6,1,60,24,144,1,176,4,11,0,6,0,3,42,255,35,0,42,1,11,0,12,6,0,0,255,0,255,0,255,0,255,0,255,0,255,0,255,0,255,0,255,0,255,0
10,6,1,60,24,144,1,176,4,11,0,6,0,3,42,255,35,0,42,1,11,0,12,6,0,0,255,0,255,0,255,0,255,0,255,0,255,0,255,0,255,0,255,0,255,0
10,6,1,60,24,144,1,176,4,11,0,6,0,3,42,255,35,0,42,1,11,0,12,6,0,0,255,0,255,0,255,0,255,0,255,0,255,0,255,0,255,0,255,0,255,0
1,5,1,30,13,250,0,200,0,16,0,6,2,3,6,0,2,4,6,1,1,0,6,2,0,0,15,4,8,8,12,4,6,6,1,4,1,2,10,5,20,4,4,4,9,4
1,5,1,32,14,29,1,250,0,20,0,7,2,3,6,0,4,4,6,1,2,0,6,2,0,0,15,5,8,9,12,5,6,7,1,5,1,3,10,6,20,5,4,5,9,4
1,5,1,34,15,64,1,44,1,25,0,8,2,3,6,1,6,4,6,2,3,0,6,3,0,0,15,6,8,10,12,6,6,8,1,6,1,4,10,7,20,6,4,6,9,5
1,5,1,36,16,94,1,94,1,30,0,8,2,3,6,1,8,4,6,2,4,0,6,4,0,0,15,7,8,11,12,7,6,9,1,7,1,5,10,8,20,7,4,7,9,5
1,6,1,45,18,144,1,88,2,40,0,10,0,1,2,0,10,0,2,0,6,0,2,1,4,0,1,6,1,8,4,5,4,6,0,5,6,10,8,11,3,7,20,5,9,6
1,6,1,47,19,204,1,188,2,60,0,11,0,1,2,1,12,0,2,1,7,0,2,2,5,0,1,7,1,9,4,6,4,7,0,5,6,10,8,12,3,7,20,6,9,7
1,6,1,49,20,8,2,32,3,70,0,12,0,1,2,2,14,0,2,2,8,0,2,3,6,0,1,8,1,10,4,7,4,8,0,6,6,11,8,12,3,8,20,8,9,8
1,6,1,52,21,88,2,232,3,80,0,13,0,1,2,3,16,0,2,3,9,0,2,4,7,0,1,9,1,11,4,8,4,9,0,7,6,11,8,12,3,10,20,10,9,9
1,6,1,52,21,188,2,136,19,90,0,13,0,1,2,3,16,0,2,3,9,0,2,4,7,0,1,10,1,12,4,9,4,11,0,7,6,12,8,12,3,12,20,12,9,11
1,6,1,52,21,188,2,136,19,90,0,13,0,1,2,3,16,0,2,3,9,0,2,4,7,0,1,10,1,12,4,9,4,11,0,7,6,12,8,12,3,12,20,12,9,11
1,6,1,52,21,188,2,136,19,90,0,13,0,1,2,3,16,0,2,3,9,0,2,4,7,0,1,10,1,12,4,9,4,11,0,7,6,12,8,12,3,12,20,12,9,11
1,6,1,52,21,188,2,136,19,90,0,13,0,1,2,3,16,0,2,3,9,0,2,4,7,0,1,10,1,12,4,9,4,11,0,7,6,12,8,12,3,12,20,12,9,11
1,6,1,52,21,188,2,136,19,90,0,13,0,1,2,3,16,0,2,3,9,0,2,4,7,0,1,10,1,12,4,9,4,11,0,7,6,12,8,12,3,12,20,12,9,11
1,6,1,52,21,188,2,136,19,90,0,13,0,1,2,3,16,0,2,3,9,0,2,4,7,0,1,10,1,12,4,9,4,11,0,7,6,12,8,12,3,12,20,12,9,11
1,6,1,52,21,188,2,136,19,90,0,13,0,1,2,3,16,0,2,3,9,0,2,4,7,0,1,10,1,12,4,9,4,11,0,7,6,12,8,12,3,12,20,12,9,11
9,4,1,24,16,44,1,144,1,30,0,7,0,2,2,3,6,0,3,3,10,0,4,253,40,0,6,7,4,3,1,3,8,9,0,4,3,3,1,2,12,5,11,12,15,6
9,4,1,26,17,74,1,88,2,34,0,8,0,2,2,4,6,0,3,3,15,0,4,253,45,0,6,8,4,4,1,4,8,10,0,5,3,4,1,3,12,5,11,12,15,7
9,5,1,28,18,124,1,32,3,38,0,9,0,2,2,5,8,0,3,4,20,0,4,253,50,0,6,9,4,5,1,5,8,11,0,6,3,5,1,4,12,6,11,12,15,8
9,5,1,32,19,194,1,232,3,45,0,9,0,2,2,5,8,0,3,4,25,0,4,253,60,0,6,10,4,6,1,6,8,12,0,7,3,6,1,4,12,6,11,12,15,9
9,6,1,38,20,88,2,64,6,60,0,12,0,1,2,255,10,0,3,1,5,0,5,252,100,0,6,11,4,8,1,5,1,7,0,8,3,7,2,6,12,8,10,10,4,5
9,6,1,44,20,238,2,128,12,80,0,12,0,1,2,255,20,0,3,2,8,0,5,252,125,0,6,12,4,9,1,6,1,8,0,9,3,8,2,7,12,9,10,11,4,6
9,8,1,50,20,88,2,48,17,100,0,13,0,1,2,255,30,0,3,3,12,0,5,252,150,0,6,12,4,10,1,7,1,9,0,10,3,8,2,8,12,10,10,12,4,6
9,8,1,60,21,188,2,112,23,120,0,14,0,1,2,255,40,0,3,4,15,0,5,252,175,0,6,12,4,11,1,8,1,12,0,11,3,9,2,8,12,11,10,12,4,7
9,8,1,60,21,188,2,112,23,120,0,14,0,1,2,255,40,0,3,4,15,0,5,252,175,0,6,12,4,11,1,8,1,12,0,11,3,9,2,8,12,12,10,12,4,7
9,8,1,60,21,188,2,112,23,120,0,14,0,1,2,255,40,0,3,4,15,0,5,252,175,0,6,12,4,11,1,8,1,12,0,11,3,9,2,8,12,12,10,12,4,7
9,8,1,60,21,188,2,112,23,120,0,14,0,1,2,255,40,0,3,4,15,0,5,252,175,0,6,12,4,11,1,8,1,12,0,11,3,9,2,8,12,12,10,12,4,7
9,8,1,60,21,188,2,112,23,120,0,14,0,1,2,255,40,0,3,4,15,0,5,252,175,0,6,12,4,11,1,8,1,12,0,11,3,9,2,8,12,12,10,12,4,7
9,8,1,60,21,188,2,112,23,120,0,14,0,1,2,255,40,0,3,4,15,0,5,252,175,0,6,12,4,11,1,8,1,12,0,11,3,9,2,8,12,12,10,12,4,7
9,8,1,60,21,188,2,112,23,120,0,14,0,1,2,255,40,0,3,4,15,0,5,252,175,0,6,12,4,11,1,8,1,12,0,11,3,9,2,8,12,12,10,12,4,7
9,8,1,60,21,188,2,112,23,120,0,14,0,1,2,255,40,0,3,4,15,0,5,252,175,0,6,12,4,11,1,8,1,12,0,11,3,9,2,8,12,12,10,12,4,7
1,3,1,16,8,9,0,20,0,2,0,4,4,6,2,2,255,0,2,0,1,0,2,255,4,0,8,1,8,1,8,1,8,1,8,1,8,1,8,1,8,1,8,1,8,1
1,3,1,20,9,14,0,30,0,3,0,4,4,5,2,1,1,0,2,1,0,0,2,0,3,0,8,2,8,2,8,1,8,1,8,1,6,1,6,1,6,1,6,1,6,1
1,3,1,24,10,19,0,40,0,4,0,4,4,4,2,1,2,0,2,1,1,0,2,1,3,0,8,3,8,3,8,1,6,2,6,2,6,2,6,2,7,2,7,2,7,2
1,3,1,28,11,24,0,50,0,6,0,4,4,4,2,2,3,0,2,2,2,0,2,2,3,0,8,4,8,4,8,2,6,4,6,4,6,4,6,4,7,3,7,3,7,3
1,4,1,32,12,34,0,120,0,9,0,5,2,3,40,4,0,0,40,2,1,0,40,0,4,0,8,5,8,5,8,5,6,4,6,4,6,4,6,4,1,5,1,5,1,5
1,4,1,36,13,44,0,150,0,12,0,7,2,3,40,4,3,0,40,2,3,0,40,0,6,0,8,6,8,6,6,5,6,5,6,5,1,3,1,3,1,3,11,4,11,4
1,4,2,40,14,64,0,180,0,14,0,9,2,3,40,4,3,0,40,2,6,0,40,1,8,0,8,8,8,8,6,6,6,6,1,4,1,4,11,5,11,5,3,5,10,3
1,4,2,44,18,94,0,240,0,16,0,9,2,3,40,6,5,0,40,2,8,0,40,1,12,0,8,9,6,8,1,5,11,6,10,4,20,4,8,7,6,6,1,4,11,6
1,4,2,44,18,94,0,240,0,16,0,9,2,3,40,6,5,0,40,2,8,0,40,1,12,0,8,9,6,8,1,5,11,6,10,4,20,4,8,7,6,6,1,4,11,6
1,4,2,44,18,94,0,240,0,16,0,9,2,3,40,6,5,0,40,2,8,0,40,1,12,0,8,9,6,8,1,5,11,6,10,4,20,4,8,7,6,6,1,4,11,6
1,4,2,44,18,94,0,240,0,16,0,9,2,3,40,6,5,0,40,2,8,0,40,1,12,0,8,9,6,8,1,5,11,6,10,4,20,4,8,7,6,6,1,4,11,6
1,4,2,44,18,94,0,240,0,16,0,9,2,3,40,6,5,0,40,2,8,0,40,1,12,0,8,9,6,8,1,5,11,6,10,4,20,4,8,7,6,6,1,4,11,6
1,4,2,44,18,94,0,240,0,16,0,9,2,3,40,6,5,0,40,2,8,0,40,1,12,0,8,9,6,8,1,5,11,6,10,4,20,4,8,7,6,6,1,4,11,6
1,4,2,44,18,94,0,240,0,16,0,9,2,3,40,6,5,0,40,2,8,0,40,1,12,0,8,9,6,8,1,5,11,6,10,4,20,4,8,7,6,6,1,4,11,6
1,4,2,44,18,94,0,240,0,16,0,9,2,3,40,6,5,0,40,2,8,0,40,1,12,0,8,9,6,8,1,5,11,6,10,4,20,4,8,7,6,6,1,4,11,6
1,5,1,24,15,250,0,88,2,45,0,10,0,2,67,255,6,0,67,0,3,0,67,1,1,0,8,12,6,7,4,4,3,6,9,6,10,7,0,4,4,4,3,4,7,6
1,5,1,28,16,19,1,188,2,60,0,10,0,2,67,0,7,0,67,1,4,0,67,2,2,0,8,12,6,8,4,5,3,7,9,6,10,7,0,5,6,6,4,4,7,7
1,6,1,32,17,44,1,32,3,75,0,11,0,2,67,0,8,0,67,1,5,0,67,3,3,0,8,12,6,8,4,5,3,7,9,7,10,8,0,5,8,7,6,6,4,4
1,6,1,36,18,74,1,132,3,90,0,11,0,2,67,0,9,0,67,1,6,0,67,4,4,0,8,12,6,9,4,5,3,8,9,7,10,8,0,6,20,4,6,7,4,5
8,7,1,40,20,144,1,140,10,125,0,12,0,2,2,255,12,0,42,1,6,0,42,4,4,0,6,9,1,7,4,5,4,7,3,6,1,8,9,7,2,4,0,6,20,5
8,7,1,45,21,244,1,184,11,150,0,13,0,2,2,255,16,0,42,1,8,0,42,4,6,0,6,10,1,8,4,6,4,8,3,7,1,8,9,8,2,5,0,7,20,5
8,7,1,50,22,88,2,72,13,175,0,14,0,2,2,255,18,0,42,1,10,0,42,4,8,0,6,10,1,9,4,7,4,9,3,8,1,9,9,9,2,6,0,8,20,6
8,11,2,60,24,188,2,16,39,200,0,15,0,2,2,255,24,2,42,2,12,0,42,4,10,0,6,12,1,10,4,8,4,10,3,9,1,10,9,10,2,7,0,9,20,9
8,11,2,60,24,188,2,16,39,200,0,15,0,2,2,255,24,2,42,2,12,0,42,4,10,0,6,12,1,10,4,8,4,10,3,9,1,10,9,10,2,7,0,9,20,9
8,11,2,60,24,188,2,16,39,200,0,15,0,2,2,255,24,2,42,2,12,0,42,4,10,0,6,12,1,10,4,8,4,10,3,9,1,10,9,10,2,7,0,9,20,9
8,11,2,60,24,188,2,16,39,200,0,15,0,2,2,255,24,2,42,2,12,0,42,4,10,0,6,12,1,10,4,8,4,10,3,9,1,10,9,10,2,7,0,9,20,9
8,11,2,60,24,188,2,16,39,200,0,15,0,2,2,255,24,2,42,2,12,0,42,4,10,0,6,12,1,10,4,8,4,10,3,9,1,10,9,10,2,7,0,9,20,9
8,11,2,60,24,188,2,16,39,200,0,15,0,2,2,255,24,2,42,2,12,0,42,4,10,0,6,12,1,10,4,8,4,10,3,9,1,10,9,10,2,7,0,9,20,9
8,11,2,60,24,188,2,16,39,200,0,15,0,2,2,255,24,2,42,2,12,0,42,4,10,0,6,12,1,10,4,8,4,10,3,9,1,10,9,10,2,7,0,9,20,9
8,11,2,60,24,188,2,16,39,200,0,15,0,2,2,255,24,2,42,2,12,0,42,4,10,0,6,12,1,10,4,8,4,10,3,9,1,10,9,10,2,7,0,9,20,9
12,2,1,25,15,32,0,120,0,0,0,2,5,10,92,255,10,0,92,0,6,0,92,1,4,0,255,0,255,0,255,0,255,0,255,0,255,0,255,0,255,0,255,0,255,0
12,2,1,29,16,52,0,140,0,0,0,3,4,10,92,0,12,0,92,1,8,0,92,2,6,0,255,0,255,0,255,0,255,0,255,0,255,0,255,0,255,0,255,0,255,0
12,2,1,33,17,75,0,160,0,2,0,4,3,9,92,0,16,0,92,1,10,0,92,3,8,0,255,0,255,0,255,0,255,0,255,0,255,0,255,0,255,0,255,0,255,0
12,3,1,40,18,100,0,144,1,2,0,5,0,9,41,255,18,0,41,1,8,0,41,4,4,0,255,0,255,0,255,0,255,0,255,0,255,0,255,0,255,0,255,0,255,0
12,3,1,45,19,150,0,244,1,4,0,6,0,8,41,0,20,0,41,1,10,0,41,4,6,0,255,0,255,0,255,0,255,0,255,0,255,0,255,0,255,0,255,0,255,0
12,3,1,50,20,200,0,88,2,6,0,7,0,8,41,1,24,0,41,1,12,0,41,4,8,0,255,0,255,0,255,0,255,0,255,0,255,0,255,0,255,0,255,0,255,0
12,4,1,70,20,250,0,232,3,7,0,8,0,7,65,254,25,0,65,1,12,0,65,5,3,0,8,10,6,8,4,10,8,10,1,4,1,5,8,12,4,8,1,6,21,7
12,5,1,90,21,44,1,208,7,9,0,9,0,7,65,255,30,0,65,1,15,0,65,6,5,2,8,11,6,9,4,11,8,11,1,4,1,5,1,5,3,5,20,3,9,11
12,6,1,110,22,94,1,112,23,11,0,10,0,6,65,2,35,0,65,1,18,0,65,6,8,2,8,12,6,10,4,11,8,11,1,6,1,7,1,8,3,8,20,4,20,6
12,6,2,110,22,144,1,40,35,11,0,11,0,6,65,2,35,0,65,1,18,0,65,6,8,2,8,12,6,12,4,12,8,12,1,6,1,7,1,8,3,8,20,4,20,6
12,6,2,110,22,144,1,40,35,11,0,12,0,6,65,2,35,0,65,1,18,0,65,6,8,2,8,12,6,12,4,12,8,12,1,6,1,7,1,8,3,8,20,4,20,6
12,6,2,110,22,144,1,40,35,11,0,12,0,6,65,2,35,0,65,1,18,0,65,6,8,2,8,12,6,12,4,12,8,12,1,6,1,7,1,8,3,8,20,4,20,6
12,6,2,110,22,144,1,40,35,11,0,12,0,6,65,2,35,0,65,1,18,0,65,6,8,2,8,12,6,12,4,12,8,12,1,6,1,7,1,8,3,8,20,4,20,6
12,6,2,110,22,144,1,40,35,11,0,12,0,6,65,2,35,0,65,1,18,0,65,6,8,2,8,12,6,12,4,12,8,12,1,6,1,7,1,8,3,8,20,4,20,6
12,6,2,110,22,144,1,40,35,11,0,12,0,6,65,2,35,0,65,1,18,0,65,6,8,2,8,12,6,12,4,12,8,12,1,6,1,7,1,8,3,8,20,4,20,6
11,2,1,12,7,6,0,20,0,0,0,1,6,10,65,0,1,0,101,1,0,0,8,254,2,0,255,0,255,0,255,0,255,0,255,0,255,0,255,0,255,0,255,0,255,0
11,2,1,16,8,13,0,30,0,0,0,1,7,10,65,1,1,0,115,1,0,0,8,255,2,0,255,0,255,0,255,0,255,0,255,0,255,0,255,0,255,0,255,0,255,0
11,2,1,20,9,20,0,40,0,1,0,1,8,9,65,1,0,0,57,2,0,0,8,0,2,0,255,0,255,0,255,0,255,0,255,0,255,0,255,0,255,0,255,0,255,0
11,3,1,24,10,30,0,60,0,2,0,2,5,9,40,1,0,0,115,2,0,0,101,1,2,0,255,0,255,0,255,0,255,0,255,0,255,0,255,0,255,0,255,0,255,0
11,3,1,26,12,40,0,80,0,4,0,2,6,8,40,1,0,0,57,3,0,0,101,1,2,0,255,0,255,0,255,0,255,0,255,0,255,0,255,0,255,0,255,0,255,0
11,3,1,28,13,50,0,100,0,6,0,2,7,8,40,1,0,0,102,3,0,0,101,1,2,0,255,0,255,0,255,0,255,0,255,0,255,0,255,0,255,0,255,0,255,0
11,4,1,32,16,65,0,130,0,7,0,3,4,7,38,1,1,0,102,4,0,0,115,2,2,0,255,0,255,0,255,0,255,0,255,0,255,0,255,0,255,0,255,0,255,0
11,5,1,36,17,80,0,180,0,9,0,3,5,7,38,1,3,2,40,4,0,0,115,2,3,0,255,0,255,0,255,0,255,0,255,0,255,0,255,0,255,0,255,0,255,0
11,6,1,40,18,100,0,230,0,11,0,3,6,6,38,1,5,2,41,5,0,0,115,2,4,0,255,0,255,0,255,0,255,0,255,0,255,0,255,0,255,0,255,0,255,0
11,7,1,50,19,125,0,244,1,12,0,4,3,6,58,1,18,0,41,5,0,0,102,2,4,0,255,0,255,0,255,0,255,0,255,0,255,0,255,0,255,0,255,0,255,0
11,8,1,60,20,150,0,238,2,15,0,5,4,5,58,1,24,0,42,6,0,0,102,3,5,0,255,0,255,0,255,0,255,0,255,0,255,0,255,0,255,0,255,0,255,0
11,9,2,70,21,175,0,232,3,18,0,6,5,5,58,1,36,0,42,6,0,0,102,3,6,0,255,0,255,0,255,0,255,0,255,0,255,0,255,0,255,0,255,0,255,0
11,9,2,70,21,175,0,232,3,18,0,6,5,5,58,1,36,0,42,6,0,0,102,3,6,0,255,0,255,0,255,0,255,0,255,0,255,0,255,0,255,0,255,0,255,0
11,9,2,70,21,175,0,232,3,18,0,6,5,5,58,1,36,0,42,6,0,0,102,3,6,0,255,0,255,0,255,0,255,0,255,0,255,0,255,0,255,0,255,0,255,0
11,9,2,70,21,175,0,232,3,18,0,6,5,5,58,1,36,0,42,6,0,0,102,3,6,0,255,0,255,0,255,0,255,0,255,0,255,0,255,0,255,0,255,0,255,0
11,3,1,20,10,21,0,70,0,2,0,1,4,9,10,0,1,0,10,255,2,0,10,1,255,0,8,1,8,1,8,1,8,1,8,1,8,1,11,1,11,1,11,1,11,1
11,3,1,25,11,25,0,80,0,2,0,2,3,9,10,0,2,0,10,0,1,0,10,2,0,0,8,2,8,2,8,2,8,2,8,2,8,2,11,3,11,3,11,3,11,3
11,3,1,30,12,30,0,90,0,2,0,2,3,9,10,0,3,0,10,1,0,0,10,3,1,0,8,4,8,4,8,4,8,4,8,4,8,4,11,4,11,4,11,4,11,4
11,4,1,35,14,40,0,180,0,4,0,3,2,8,66,255,9,0,102,1,6,0,66,3,4,0,255,0,255,0,255,0,255,0,255,0,255,0,255,0,255,0,255,0,255,0
11,4,1,40,15,50,0,200,0,4,0,3,2,8,66,255,11,2,102,1,7,0,66,4,5,0,255,0,255,0,255,0,255,0,255,0,255,0,255,0,255,0,255,0,255,0
11,5,1,50,16,60,0,225,0,6,0,4,2,8,66,255,13,0,102,2,8,0,66,4,6,2,255,0,255,0,255,0,255,0,255,0,255,0,255,0,255,0,255,0,255,0
11,5,1,60,20,70,0,88,2,7,0,4,2,7,42,255,12,0,42,2,8,0,42,5,3,0,20,6,9,8,1,3,1,3,1,3,7,9,8,5,8,5,11,4,0,4
11,6,1,70,21,85,0,188,2,9,0,5,2,7,42,255,15,0,42,2,9,0,42,5,4,0,20,7,9,9,1,5,1,5,1,5,7,10,8,7,8,7,11,6,0,6
11,6,1,80,22,105,0,32,3,11,0,5,1,6,42,255,20,0,42,3,10,0,42,6,5,0,20,8,9,9,1,7,1,7,1,7,7,12,8,9,8,9,11,8,0,8
11,6,1,80,22,105,0,32,3,11,0,5,1,6,42,255,20,0,42,3,10,0,42,6,5,0,20,8,9,9,1,7,1,7,1,7,7,12,8,9,8,9,11,8,0,8
11,6,1,80,22,105,0,32,3,11,0,5,1,6,42,255,20,0,42,3,10,0,42,6,5,0,20,8,9,9,1,7,1,7,1,7,7,12,8,9,8,9,11,8,0,8
11,6,1,80,22,105,0,32,3,11,0,5,1,6,42,255,20,0,42,3,10,0,42,6,5,0,20,8,9,9,1,7,1,7,1,7,7,12,8,9,8,9,11,8,0,8
11,6,1,80,22,105,0,32,3,11,0,5,1,6,42,255,20,0,42,3,10,0,42,6,5,0,20,8,9,9,1,7,1,7,1,7,7,12,8,9,8,9,11,8,0,8
11,6,1,80,22,105,0,32,3,11,0,5,1,6,42,255,20,0,42,3,10,0,42,6,5,0,20,8,9,9,1,7,1,7,1,7,7,12,8,9,8,9,11,8,0,8
11,6,1,80,22,105,0,32,3,11,0,5,1,6,42,255,20,0,42,3,10,0,42,6,5,0,20,8,9,9,1,7,1,7,1,7,7,12,8,9,8,9,11,8,0,8
11,3,1,14,9,12,0,30,0,0,0,2,5,11,40,2,0,0,115,3,0,0,8,255,5,0,255,1,255,0,255,0,255,0,255,0,255,0,255,0,255,0,255,0,255,0
11,3,1,17,10,16,0,40,0,0,0,3,5,10,40,1,3,0,115,2,1,0,8,0,3,0,255,0,255,0,255,0,255,0,255,0,255,0,255,0,255,0,255,0,255,0
11,3,1,20,12,20,0,50,0,0,0,4,5,9,40,1,5,0,115,2,2,0,8,0,2,0,255,0,255,0,255,0,255,0,255,0,255,0,255,0,255,0,255,0,255,0
1,5,1,25,14,40,0,200,0,5,0,4,0,5,58,2,4,0,41,4,0,0,115,0,3,0,8,2,8,2,8,2,8,2,8,3,6,2,6,2,6,2,7,4,20,2
1,5,1,30,16,80,0,44,1,10,0,5,0,4,58,2,8,0,41,6,2,0,115,0,4,0,8,4,8,4,8,4,8,4,8,5,6,3,6,3,6,3,7,5,20,3
1,5,1,35,18,120,0,144,1,15,0,6,0,3,58,2,12,0,41,6,4,0,115,0,5,0,8,6,8,6,8,6,8,6,8,7,6,5,6,5,6,5,7,7,20,4
1,7,2,50,24,250,0,88,2,70,0,10,3,2,65,3,14,4,115,6,6,0,8,254,30,0,8,10,4,8,6,6,8,12,4,4,6,7,7,12,0,6,21,7,20,8
1,9,2,60,26,69,1,132,3,90,0,12,3,1,65,3,20,4,115,6,6,0,8,255,40,0,8,12,4,9,6,8,8,12,10,12,20,6,1,7,0,9,21,9,1,9
1,9,2,60,26,69,1,132,3,90,0,12,3,1,65,3,20,4,115,6,6,0,8,255,40,0,8,12,4,9,6,8,8,12,10,12,20,6,1,7,0,9,21,9,1,9
1,9,2,60,26,69,1,132,3,90,0,12,3,1,65,3,20,4,115,6,6,0,8,255,40,0,8,12,4,9,6,8,8,12,10,12,20,6,1,7,0,9,21,9,1,9
1,9,2,60,26,69,1,132,3,90,0,12,3,1,65,3,20,4,115,6,6,0,8,255,40,0,8,12,4,9,6,8,8,12,10,12,20,6,1,7,0,9,21,9,1,9
1,9,2,60,26,69,1,132,3,90,0,12,3,1,65,3,20,4,115,6,6,0,8,255,40,0,8,12,4,9,6,8,8,12,10,12,20,6,1,7,0,9,21,9,1,9
1,9,2,60,26,69,1,132,3,90,0,12,3,1,65,3,20,4,115,6,6,0,8,255,40,0,8,12,4,9,6,8,8,12,10,12,20,6,1,7,0,9,21,9,1,9
1,9,2,60,26,69,1,132,3,90,0,12,3,1,65,3,20,4,115,6,6,0,8,255,40,0,8,12,4,9,6,8,8,12,10,12,20,6,1,7,0,9,21,9,1,9
1,9,2,60,26,69,1,132,3,90,0,12,3,1,65,3,20,4,115,6,6,0,8,255,40,0,8,12,4,9,6,8,8,12,10,12,20,6,1,7,0,9,21,9,1,9
2,2,1,21,9,4,0,30,0,0,0,2,4,8,65,1,0,0,115,2,0,0,8,3,0,0,15,1,15,1,15,1,15,1,15,1,8,1,8,1,8,1,11,1,7,1
2,2,1,22,10,9,0,55,0,0,0,2,4,8,65,1,1,0,57,2,0,0,8,3,0,0,15,2,15,2,15,2,15,2,15,2,8,1,8,1,8,1,11,1,7,2
2,2,1,23,11,18,0,85,0,0,0,2,4,7,57,1,2,0,115,2,0,0,8,3,0,0,15,3,15,3,15,3,15,3,15,3,8,1,8,1,8,1,11,2,7,2
2,2,1,24,11,28,0,120,0,2,0,2,5,7,57,1,2,0,102,2,1,0,8,3,0,0,20,1,20,1,20,1,20,1,20,1,8,2,8,2,8,2,11,2,7,3
2,3,1,25,12,40,0,150,0,8,0,3,5,6,40,1,3,0,115,2,1,0,102,3,0,0,20,1,20,1,20,1,20,1,8,1,8,2,8,2,8,2,11,3,7,3
2,3,1,27,12,60,0,180,0,10,0,3,5,6,66,1,3,0,40,2,2,0,8,3,0,0,20,1,20,1,20,1,20,1,8,2,8,2,8,2,8,2,11,3,7,4
2,3,1,30,13,80,0,210,0,12,0,3,6,5,66,1,4,2,104,2,1,0,115,3,0,0,20,2,20,2,20,2,8,3,8,3,11,3,7,4,12,3,15,3,15,3
2,3,1,33,13,110,0,250,0,16,0,3,6,5,39,1,4,0,66,2,2,2,102,3,1,0,20,2,20,2,20,2,8,3,8,3,11,3,7,5,12,4,15,4,15,4
2,4,1,37,14,150,0,34,1,20,0,4,6,4,67,1,5,2,57,2,2,0,115,3,1,0,20,2,20,2,8,3,8,4,8,5,11,4,15,5,12,5,15,5,19,3
2,4,1,40,15,200,0,94,1,25,0,4,7,4,41,1,5,0,40,2,2,0,8,4,2,2,20,3,20,3,8,4,8,5,8,6,11,4,15,6,12,5,15,6,19,3
2,4,1,43,15,19,1,144,1,30,0,4,7,3,41,1,6,0,104,2,2,0,115,4,2,0,20,3,8,9,8,9,8,7,8,8,15,7,15,7,12,6,0,4,21,6
2,4,1,46,16,94,1,244,1,35,0,5,7,3,92,1,7,0,66,2,3,2,104,4,3,0,20,3,8,10,8,10,8,9,8,9,15,8,15,8,12,6,0,4,21,6
2,5,1,50,16,194,1,88,2,40,0,5,8,2,58,1,8,0,104,2,3,0,115,4,3,0,20,4,8,11,8,11,15,9,11,9,6,6,1,4,1,5,0,5,21,7
2,5,1,54,17,38,2,238,2,45,0,6,8,2,41,1,9,0,57,2,3,0,8,4,4,2,20,4,8,12,8,12,15,10,11,10,6,7,1,5,1,6,0,5,21,7
2,5,1,58,18,138,2,232,3,50,0,6,8,1,58,1,10,0,42,2,3,0,115,5,4,0,20,4,8,12,8,12,15,11,11,11,6,8,1,6,1,7,0,6,21,8
2,2,1,22,9,5,0,50,0,0,0,2,4,9,65,0,0,0,115,0,1,0,8,3,0,0,20,1,20,1,20,1,20,1,20,1,15,1,15,1,15,1,12,1,12,1
2,2,1,23,10,10,0,100,0,0,0,2,4,9,65,0,1,0,57,1,0,0,8,3,0,0,20,1,20,1,20,1,20,1,20,1,15,2,15,2,15,2,12,1,12,1
2,2,1,24,11,18,0,150,0,0,0,2,4,8,57,0,1,0,115,1,0,0,8,3,0,0,20,1,20,1,20,1,20,1,20,1,15,2,15,2,15,2,12,2,12,2
2,2,1,25,12,30,0,200,0,1,0,2,5,8,57,0,2,0,102,1,1,0,8,3,0,0,20,2,20,2,20,2,20,2,20,2,15,3,15,3,15,3,12,2,12,2
2,3,1,26,13,42,0,250,0,10,0,3,5,7,40,0,2,0,115,1,1,0,102,3,0,0,20,2,20,2,20,2,20,2,20,2,20,2,20,2,20,2,20,2,20,2
2,3,1,27,13,56,0,44,1,15,0,3,5,7,66,0,2,0,40,1,2,0,8,3,0,0,20,3,20,3,20,3,8,1,8,1,8,1,8,1,8,1,8,1,8,1
2,3,1,28,14,70,0,94,1,25,0,3,6,6,66,0,2,0,104,1,2,0,115,3,0,0,20,3,20,3,20,3,8,1,8,1,8,1,8,1,8,1,8,1,8,1
2,3,1,30,14,100,0,144,1,35,0,3,6,6,39,0,3,0,66,1,2,2,102,3,1,0,20,4,20,4,8,2,8,2,8,2,8,2,8,2,15,4,15,4,15,4
2,4,1,35,15,140,0,194,1,40,0,4,6,5,67,0,3,2,57,1,3,0,115,3,1,0,20,4,20,4,8,2,8,2,8,2,8,3,8,3,15,5,15,5,15,5
2,4,1,38,16,180,0,244,1,45,0,4,7,5,41,0,3,0,40,1,3,0,8,3,2,2,20,5,20,5,8,3,8,3,7,3,15,5,15,5,15,5,19,3,19,3
2,4,1,41,17,230,0,88,2,50,0,4,7,4,41,0,4,0,104,1,3,0,115,3,2,2,20,5,20,5,8,3,8,3,7,3,15,6,15,6,15,6,19,3,19,3
2,4,1,44,18,34,1,188,2,55,0,5,7,4,92,0,4,0,66,2,3,2,104,4,3,0,20,6,20,6,8,4,8,4,7,4,15,7,15,7,19,4,21,6,21,5
2,5,1,50,19,84,1,32,3,60,0,5,8,3,68,0,6,0,104,2,4,0,115,4,3,2,20,6,20,6,8,4,8,4,7,4,15,8,15,8,19,4,21,7,21,5
2,5,1,53,20,184,1,132,3,65,0,5,8,3,41,0,8,0,57,2,4,0,8,4,6,2,20,7,8,12,4,5,15,12,15,12,19,5,21,5,0,5,1,8,1,6
2,5,1,56,21,28,2,232,3,70,0,5,8,2,68,0,12,2,42,2,4,0,115,4,6,0,20,8,8,12,4,6,15,12,15,12,19,6,21,5,0,6,1,10,1,8
2,3,1,20,9,8,0,30,0,0,0,3,5,10,65,1,0,0,115,2,0,0,8,0,0,0,255,0,255,0,255,0,255,0,255,0,255,0,255,0,255,0,255,0,255,0
2,3,1,21,10,10,0,45,0,0,0,3,5,10,65,1,0,0,57,2,0,0,8,2,1,0,255,0,255,0,255,0,255,0,255,0,255,0,255,0,255,0,255,0,255,0
2,3,1,22,11,20,0,60,0,0,0,3,5,9,57,1,1,0,115,2,0,0,8,2,1,0,255,0,255,0,255,0,255,0,255,0,255,0,255,0,255,0,255,0,255,0
2,3,1,23,12,30,0,90,0,0,0,3,5,9,57,2,2,0,102,3,1,0,8,2,2,0,8,1,8,1,8,1,8,1,8,1,8,1,8,1,8,1,8,1,8,1
2,4,1,24,13,40,0,120,0,1,0,3,5,8,40,2,3,0,115,3,1,0,102,2,3,0,8,2,8,2,8,2,8,2,8,2,8,2,8,2,20,1,20,1,20,1
2,4,1,25,14,50,0,150,0,1,0,4,4,8,66,2,4,0,40,3,2,0,8,2,4,0,8,2,8,2,8,2,8,2,8,2,8,2,20,1,20,1,20,1,20,1
2,4,1,29,15,60,0,180,0,2,0,4,4,7,66,3,4,0,102,3,2,0,115,2,5,0,8,3,8,3,8,3,8,3,8,3,20,2,20,2,20,2,19,1,19,1
2,4,1,33,16,70,0,225,0,2,0,4,4,7,39,3,4,0,66,3,3,0,102,2,5,0,8,3,8,3,8,3,8,3,8,3,20,2,20,2,20,2,19,2,19,2
2,5,1,37,17,90,0,250,0,3,0,4,4,6,67,3,4,0,103,3,3,0,115,2,6,0,8,4,8,4,8,4,20,3,21,3,1,2,4,1,15,2,12,2,15,2
2,5,1,42,18,110,0,94,1,3,0,4,4,6,41,4,5,0,40,3,4,0,8,2,7,0,8,4,8,5,8,4,20,3,21,3,1,2,4,2,15,4,12,3,15,3
2,5,1,47,19,130,0,194,1,4,0,4,3,5,93,4,5,0,103,3,4,0,115,2,8,0,8,5,8,6,0,3,20,4,21,3,1,2,4,3,4,4,12,4,15,4
2,5,1,55,20,150,0,88,2,4,0,5,3,5,92,4,6,0,66,3,5,0,104,2,9,0,8,6,8,7,0,3,20,4,21,4,1,4,4,4,4,5,12,5,15,5
2,6,1,65,21,160,0,32,3,5,0,5,3,4,93,5,8,0,103,3,5,0,115,1,10,0,8,7,8,8,0,4,20,5,21,5,1,5,4,5,4,6,12,6,15,6
2,6,1,75,22,200,0,232,3,5,0,6,3,3,41,5,9,0,57,3,6,0,8,1,12,0,8,8,8,9,0,5,20,5,21,6,1,6,4,6,9,7,12,7,15,7
2,7,1,85,23,250,0,226,4,6,0,7,3,2,93,6,10,0,103,3,6,0,115,1,15,0,8,9,8,10,0,6,20,6,21,7,1,7,4,7,9,8,12,8,15,8
2,3,1,21,10,6,0,45,0,0,0,2,5,7,65,2,0,0,115,3,0,0,8,1,1,0,15,1,15,1,15,1,15,1,15,1,15,1,15,1,15,1,15,1,15,1
2,3,1,22,11,10,0,65,0,0,0,2,5,7,65,2,1,0,57,3,0,0,8,1,2,0,15,1,15,1,15,1,15,1,15,1,15,1,15,1,15,1,15,1,15,1
2,3,1,23,12,20,0,95,0,0,0,2,5,6,57,2,1,0,115,3,0,0,8,1,2,0,15,2,15,2,15,2,15,2,15,2,15,2,8,1,8,1,8,1,8,1
2,3,1,24,12,30,0,125,0,1,0,2,6,6,57,2,2,0,102,3,1,0,8,1,3,0,20,1,20,1,20,1,8,1,8,1,8,1,8,1,8,1,8,1,8,1
2,4,1,30,13,50,0,155,0,4,0,3,6,5,40,2,2,0,115,3,1,0,102,2,3,0,20,1,20,1,20,1,8,1,8,1,8,1,8,1,8,1,8,1,8,1
2,4,1,36,13,60,0,185,0,5,0,3,6,5,66,2,3,0,40,3,2,0,8,2,4,0,20,1,20,1,20,1,8,1,8,1,8,1,8,1,15,1,15,1,15,1
2,4,1,42,14,75,0,225,0,6,0,3,7,4,66,3,3,0,104,3,2,0,115,2,5,0,20,2,20,2,20,2,8,1,8,1,8,1,8,1,15,1,15,1,15,1
2,4,1,50,14,90,0,4,1,8,0,3,7,4,39,3,3,0,66,4,2,2,102,2,5,0,20,2,20,2,8,2,8,2,8,2,15,2,15,2,15,2,19,1,19,1
2,5,1,58,15,130,0,44,1,10,0,4,7,3,67,3,4,0,57,4,2,0,115,2,6,0,20,2,20,2,8,2,6,2,8,2,15,2,15,2,15,2,19,1,19,1
2,5,1,66,16,160,0,104,1,15,0,4,8,3,58,3,4,0,40,4,3,0,8,2,6,2,20,3,8,2,8,3,6,4,15,3,15,3,19,1,19,1,21,1,21,1
2,5,1,72,17,200,0,164,1,20,0,4,8,2,58,3,5,0,104,4,3,0,115,2,7,0,20,4,8,2,8,3,6,6,15,4,15,4,19,1,19,1,21,2,21,2
2,5,1,80,18,19,1,48,2,30,0,5,8,2,92,3,5,0,66,4,3,2,104,2,7,0,20,5,8,3,8,4,6,7,15,5,19,2,21,3,21,3,1,5,1,6
2,6,1,90,19,144,1,188,2,40,0,5,9,2,68,3,6,0,104,4,4,0,115,2,8,0,20,6,8,3,8,4,6,8,15,6,19,2,21,4,21,4,1,6,1,7
2,6,1,100,20,244,1,82,3,50,0,6,9,1,68,3,8,0,57,4,5,0,8,2,8,0,20,7,8,3,8,4,6,9,15,7,19,2,21,5,21,5,1,7,1,8
2,6,1,110,21,138,2,76,4,60,0,6,9,1,68,3,10,2,40,4,6,0,115,2,9,0,20,8,8,4,8,5,6,10,15,8,19,3,21,6,21,6,1,8,1,9
2,1,1,20,8,4,0,40,0,0,0,1,8,10,115,1,0,0,101,0,1,0,8,3,0,0,12,1,12,1,12,1,12,1,15,1,15,1,15,1,7,1,7,1,8,1
2,1,1,21,8,9,0,70,0,1,0,1,8,10,65,1,1,0,115,0,1,0,101,3,0,0,12,2,12,2,12,2,7,1,7,1,8,1,8,1,1,1,1,1,8,1
2,2,1,22,9,15,0,100,0,1,0,2,8,9,57,1,1,0,115,0,2,0,65,3,0,0,12,3,12,3,12,3,7,1,7,1,8,1,8,1,1,1,1,1,8,1
2,2,1,23,10,26,0,140,0,1,0,2,7,9,39,1,1,0,57,0,2,0,66,3,1,0,7,1,12,1,7,1,7,1,8,1,11,1,8,1,1,1,1,1,8,1
2,3,1,25,11,38,0,180,0,2,0,3,7,8,39,1,2,0,66,0,3,0,102,3,1,0,7,2,12,2,7,2,7,2,8,2,11,2,8,2,1,2,1,2,8,2
2,3,1,31,12,53,0,220,0,2,0,4,7,8,40,1,3,0,102,0,3,0,8,3,2,0,7,3,12,3,7,3,7,3,8,2,11,3,11,4,11,4,11,4,11,4
2,3,1,36,13,70,0,4,1,2,0,4,6,7,40,1,3,0,66,0,4,2,101,3,2,0,7,4,12,4,7,4,7,4,8,3,11,4,11,5,11,5,11,5,11,5
2,4,1,43,14,90,0,44,1,3,0,4,6,7,66,2,4,2,102,0,4,0,8,4,3,0,7,5,12,5,7,5,7,5,11,7,11,5,11,7,11,7,21,5,21,5
2,4,1,50,15,115,0,94,1,3,0,4,6,6,66,2,4,0,57,0,5,0,115,4,3,0,4,5,4,5,3,1,4,5,11,8,11,5,11,8,11,8,21,5,21,5
2,4,1,58,16,140,0,144,1,3,0,5,5,6,67,2,5,2,102,0,6,0,101,4,3,0,4,6,4,6,3,1,4,6,11,8,11,6,21,6,21,6,20,4,20,4
2,5,1,66,17,180,0,194,1,4,0,5,5,5,67,2,5,0,40,255,7,0,115,4,4,2,4,6,4,6,3,2,4,7,6,5,6,5,21,6,21,6,20,4,20,4
2,5,1,74,18,240,0,38,2,4,0,5,5,5,41,2,6,0,66,255,8,2,101,5,4,0,4,7,4,7,6,6,6,6,1,3,21,5,20,6,7,5,11,7,8,5
2,6,1,82,19,44,1,88,2,5,0,5,4,4,41,2,7,0,102,255,9,0,115,5,4,2,4,7,4,7,6,6,6,6,1,3,21,5,20,7,7,4,11,8,10,6
2,6,1,90,20,124,1,238,2,6,0,6,4,4,58,2,8,0,40,255,12,0,101,5,5,2,4,8,4,8,6,7,6,7,1,4,21,6,20,8,7,11,11,9,10,8
2,7,1,99,21,204,1,132,3,7,0,6,4,3,58,2,9,0,67,255,15,2,115,5,6,0,4,8,4,8,6,7,6,7,1,4,21,6,20,9,7,12,11,10,9,8
2,2,1,21,8,7,0,33,0,0,0,1,7,8,65,0,0,0,101,2,0,0,8,1,0,0,15,1,15,1,15,1,15,1,12,1,12,1,12,1,8,1,8,1,11,1
2,2,1,22,8,12,0,46,0,0,0,1,7,8,57,0,1,0,115,2,0,0,101,1,1,0,15,2,15,2,15,2,15,2,12,2,12,2,12,2,8,2,8,2,11,2
2,2,1,23,9,18,0,54,0,0,0,2,7,8,40,0,1,0,115,2,0,0,65,1,1,0,15,2,12,3,7,2,7,2,7,2,7,2,7,2,7,2,8,2,11,2
2,3,1,24,9,26,0,62,0,1,0,2,7,7,39,0,2,0,57,2,1,0,66,1,2,0,15,3,12,3,7,3,7,3,7,3,7,3,7,3,7,3,8,3,11,3
2,3,1,25,10,35,0,80,0,1,0,2,6,7,83,0,2,0,66,3,1,0,102,1,2,0,15,3,12,4,4,3,4,3,4,3,11,2,11,2,7,2,7,2,11,3
2,3,1,27,11,50,0,98,0,1,0,3,6,7,40,0,3,0,102,3,1,0,8,1,3,0,15,4,12,4,7,4,7,4,7,4,6,3,6,3,6,3,6,3,6,3
2,4,1,32,12,65,0,116,0,3,0,3,6,6,102,0,4,0,66,3,2,0,101,1,3,0,15,4,12,5,4,4,4,4,11,3,11,3,7,3,7,3,1,2,21,3
2,4,1,37,13,80,0,144,0,3,0,3,6,6,66,0,5,0,102,3,2,0,8,1,4,2,15,5,12,5,7,5,7,5,6,4,6,4,6,4,6,4,1,2,21,4
2,5,1,44,14,100,0,172,0,3,0,4,5,6,67,0,6,2,57,3,2,0,115,1,4,0,15,5,12,6,4,5,4,5,11,5,11,5,7,5,7,4,1,3,21,4
2,5,1,51,15,121,0,210,0,5,0,4,5,5,66,0,7,0,102,3,3,0,101,1,5,0,15,6,12,6,7,6,6,6,6,6,6,6,6,6,21,4,1,3,10,4
2,6,1,58,16,142,0,42,1,5,0,5,5,5,67,255,8,2,40,3,3,0,115,1,5,0,15,6,12,7,4,6,11,6,7,6,7,6,6,6,21,5,1,4,10,5
2,6,1,65,17,163,0,90,1,5,0,5,5,5,42,255,10,0,66,3,4,2,101,1,6,0,15,7,12,7,6,7,6,7,21,4,21,5,6,7,9,2,1,5,10,6
2,7,1,75,18,190,0,198,1,7,0,6,4,4,58,255,12,0,102,3,4,0,115,1,7,0,15,7,12,8,11,7,11,7,21,4,20,5,6,7,9,3,1,6,10,7
2,7,1,85,19,220,0,166,1,7,0,6,4,4,42,255,14,0,40,3,6,0,101,1,8,0,15,8,12,8,6,8,6,8,21,5,20,6,6,8,9,3,1,7,10,8
2,8,1,95,20,255,0,208,2,9,0,6,4,3,58,255,16,0,67,3,6,2,115,1,9,0,15,8,12,9,11,8,11,8,21,5,20,6,6,8,9,4,1,8,10,9
2,2,1,18,8,7,0,50,0,0,0,1,6,9,115,3,0,0,101,2,0,0,8,4,0,0,7,1,7,1,7,1,7,1,7,1,7,1,7,1,7,1,7,1,7,1
2,2,1,19,8,10,0,80,0,0,0,1,6,9,65,3,1,0,115,2,0,0,101,4,0,0,7,1,7,1,7,1,7,1,7,1,7,1,7,1,7,1,7,1,7,1
2,3,1,20,9,15,0,110,0,0,0,1,6,8,57,3,2,0,115,2,1,1,65,4,0,0,7,1,7,1,7,1,7,1,7,1,7,1,7,1,7,1,7,1,7,1
2,3,1,21,9,20,0,150,0,2,0,2,5,8,39,3,1,0,57,2,1,0,66,4,0,0,7,2,7,2,7,2,7,2,11,1,11,1,11,1,11,1,11,1,11,1
2,4,1,22,10,30,0,190,0,2,0,2,5,7,39,3,2,0,66,2,1,0,102,4,0,0,7,2,7,2,7,2,7,2,11,2,11,2,11,2,11,2,11,2,11,2
2,4,1,24,11,40,0,230,0,2,0,2,5,7,40,3,3,0,102,2,2,0,8,4,1,0,7,3,7,3,7,3,7,3,11,2,11,2,11,2,21,1,21,1,21,1
2,4,1,27,12,55,0,14,1,4,0,3,4,6,40,3,4,0,66,2,2,2,101,4,0,0,7,4,7,4,7,4,7,4,11,3,11,3,11,3,21,1,21,1,21,1
2,5,1,30,13,75,0,64,1,4,0,4,4,6,66,2,5,0,102,3,2,0,8,4,2,2,7,5,7,5,7,5,7,5,11,3,11,3,11,3,21,2,21,2,21,2
2,5,1,33,14,100,0,114,1,4,0,4,4,5,66,2,6,2,57,3,3,0,115,4,1,0,7,6,7,6,7,6,11,4,11,4,11,4,21,2,21,2,20,1,20,1
2,5,1,36,15,140,0,174,1,6,0,5,3,5,67,2,7,0,102,3,4,0,101,4,1,0,7,7,7,7,7,7,11,4,11,4,11,4,21,3,21,3,20,1,20,1
2,6,1,39,16,180,0,244,1,6,0,6,3,4,67,2,8,2,40,3,6,0,115,4,4,0,4,3,4,4,11,5,11,5,21,4,21,4,20,2,8,2,8,2,8,2
2,6,1,45,17,64,1,88,2,6,0,7,3,4,41,255,10,0,66,3,6,2,101,5,2,0,4,4,4,5,11,5,11,5,21,5,21,5,20,2,8,4,8,4,8,4
2,7,1,50,18,104,1,208,2,8,0,7,2,3,41,255,15,0,102,1,8,0,115,5,5,0,4,6,4,7,4,5,6,5,6,5,21,6,20,6,8,6,8,6,10,4
2,7,1,55,19,144,1,82,3,8,0,8,2,3,58,255,25,0,40,1,10,0,101,5,3,0,4,7,4,8,6,5,6,7,21,7,21,8,20,8,1,6,0,6,10,5
2,8,1,60,20,184,1,26,4,10,0,8,2,2,58,255,35,0,67,1,15,2,115,6,8,0,4,8,4,9,6,6,6,9,21,9,21,9,20,9,1,7,0,7,10,6
2,3,1,19,6,5,0,30,0,2,0,3,8,10,57,1,1,0,101,2,0,0,115,3,0,0,7,1,7,1,7,1,7,1,7,1,7,1,7,1,7,1,7,1,7,1
2,3,1,20,7,9,0,40,0,4,0,3,8,10,65,1,1,0,115,2,1,0,101,3,0,0,7,1,7,2,7,2,7,2,7,2,11,1,11,1,11,1,11,1,11,1
2,4,1,21,8,15,0,45,0,4,0,4,8,10,57,1,2,0,115,2,2,0,65,3,0,0,7,2,7,2,7,2,7,2,7,2,11,2,11,2,11,2,11,2,11,2
2,4,1,22,9,25,0,50,0,4,0,4,8,9,39,1,2,0,57,2,2,0,66,3,1,0,7,2,7,3,7,3,11,3,11,3,11,3,21,1,21,1,20,1,20,1
2,5,1,23,10,35,0,65,0,6,0,5,7,9,83,1,2,0,66,2,3,0,102,3,1,0,4,2,4,2,4,2,11,3,11,3,11,3,21,1,21,1,20,1,20,1
2,5,1,27,11,45,0,80,0,6,0,5,7,9,40,1,3,0,102,2,4,0,115,3,2,0,4,2,4,2,11,2,11,4,11,4,21,2,20,2,20,2,8,3,8,3
2,5,1,31,12,60,0,95,0,6,0,6,7,8,40,1,3,0,66,2,4,0,101,3,2,0,4,3,4,3,6,2,6,2,6,4,21,2,20,2,20,2,8,3,8,3
2,6,1,35,13,80,0,120,0,8,0,6,7,8,66,1,4,0,102,2,5,0,115,3,3,0,4,3,4,3,6,2,6,2,21,3,20,3,8,4,8,4,10,2,6,2
2,6,1,40,14,110,0,145,0,8,0,6,6,8,66,1,6,0,57,2,5,0,115,4,3,0,4,4,4,4,6,3,6,3,21,3,20,3,8,5,8,5,10,3,6,3
2,6,1,45,15,150,0,180,0,8,0,7,6,7,67,1,6,0,102,2,6,0,101,4,4,0,4,4,4,4,6,3,6,3,21,4,20,4,8,5,8,5,10,4,9,2
2,7,1,50,16,200,0,9,1,10,0,7,6,7,67,1,8,0,40,2,6,0,115,5,4,0,4,4,4,4,6,4,6,3,21,5,20,4,1,4,1,4,10,5,9,3
2,7,1,55,17,4,1,54,1,12,0,7,6,7,41,255,12,0,66,2,7,0,101,5,5,0,4,5,6,5,21,4,20,5,1,5,10,6,9,7,3,4,15,8,0,7
2,8,1,60,18,64,1,194,1,14,0,8,5,6,41,255,15,0,102,2,8,0,115,6,5,0,4,5,6,6,21,4,20,5,1,6,10,6,9,8,3,4,15,9,0,8
2,8,1,65,19,124,1,244,1,16,0,8,5,6,58,255,18,0,40,3,9,0,101,6,6,0,4,5,6,7,21,5,20,6,1,7,10,7,9,9,3,4,15,10,0,9
2,9,1,70,20,184,1,188,2,18,0,8,5,6,58,255,22,0,67,3,10,0,115,7,6,0,4,6,6,8,21,5,20,6,1,8,10,7,9,10,3,5,15,10,0,10
2,3,1,19,10,4,0,40,0,0,0,1,5,7,102,0,0,0,65,3,0,0,101,0,0,0,12,1,12,1,12,1,12,1,15,1,15,1,8,1,8,1,7,1,7,1
2,3,1,20,11,8,0,60,0,0,0,1,5,7,102,0,1,0,40,3,0,0,101,2,0,0,12,1,12,1,12,1,12,1,15,1,15,1,8,2,8,2,6,2,11,2
2,4,1,21,12,14,0,90,0,2,0,2,5,7,102,0,1,0,57,3,0,0,115,2,0,0,12,2,12,2,12,2,12,2,15,2,15,2,8,2,8,2,6,2,11,2
2,4,1,22,13,20,0,120,0,3,0,2,4,6,102,0,2,0,39,3,0,0,115,2,0,0,12,2,12,2,12,2,12,2,15,2,15,2,8,2,8,2,6,2,11,3
2,4,1,23,13,28,0,160,0,4,0,3,4,6,102,0,2,0,83,3,0,0,57,2,1,0,12,3,12,3,8,2,8,2,15,3,7,2,8,3,8,3,6,2,11,3
2,5,1,25,14,38,0,200,0,4,0,3,4,6,102,0,3,0,66,3,0,0,57,2,1,0,12,4,12,4,8,2,8,2,15,3,7,2,8,3,8,3,6,3,11,4
2,5,1,27,14,48,0,250,0,5,0,4,4,5,102,0,3,0,67,3,0,0,40,2,1,0,12,5,12,5,8,3,8,3,15,4,7,3,8,4,8,4,6,3,11,4
2,5,1,31,15,58,0,54,1,6,0,5,3,5,103,0,4,0,67,3,1,2,40,2,1,0,12,6,12,6,8,3,8,3,15,4,7,5,8,4,8,4,6,3,11,5
2,6,1,35,15,70,0,124,1,7,0,5,3,5,103,0,5,0,41,3,1,0,66,2,1,0,21,6,8,4,8,4,7,7,7,7,7,7,8,5,8,5,6,3,11,5
2,6,1,40,16,85,0,204,1,8,0,6,3,4,103,0,6,0,41,3,2,0,66,2,2,0,21,6,8,4,8,4,7,8,7,8,20,8,8,5,8,5,6,4,11,6
2,6,1,45,17,105,0,48,2,9,0,6,3,4,103,255,8,0,58,3,2,0,41,2,2,0,21,7,8,5,8,5,7,9,7,9,20,9,8,6,8,6,6,5,11,7
2,7,1,50,18,125,0,148,2,10,0,7,2,4,103,255,10,0,58,3,3,0,41,2,2,0,21,7,3,5,7,12,20,4,1,5,1,5,8,6,8,6,6,6,11,8
2,7,1,55,19,150,0,248,2,12,0,7,2,3,103,255,12,0,42,3,3,0,67,2,3,0,21,8,3,6,7,12,20,4,1,6,1,6,8,7,8,7,6,7,11,9
2,8,2,60,20,175,0,92,3,14,0,8,2,3,103,255,14,0,42,3,3,0,67,2,3,2,21,8,3,7,7,12,20,5,1,7,9,6,8,7,8,7,6,8,11,10
2,8,2,70,21,200,0,212,3,16,0,8,2,3,103,255,16,0,42,3,4,0,67,2,3,2,21,9,3,8,7,12,20,5,1,8,9,7,8,8,8,8,6,9,11,10
2,4,1,20,8,6,0,35,0,1,0,3,6,8,102,1,0,0,65,0,2,0,101,3,0,0,12,1,12,1,12,1,12,1,12,1,12,1,8,1,8,1,8,1,8,1
2,4,1,21,9,12,0,50,0,2,0,3,6,8,102,1,1,0,40,0,3,0,57,3,0,0,12,1,12,1,12,1,12,1,12,1,12,1,8,1,8,1,8,1,8,1
2,5,1,22,10,18,0,75,0,3,0,3,6,8,102,2,2,0,57,0,3,0,115,3,0,0,12,1,12,1,12,1,12,1,12,1,12,1,8,2,8,2,8,2,8,2
2,5,1,23,11,28,0,100,0,4,0,4,6,7,102,2,2,0,39,0,3,0,115,3,1,0,12,2,12,2,12,2,12,2,8,2,8,2,8,2,8,2,8,2,8,2
2,5,1,25,11,40,0,120,0,4,0,4,6,7,102,3,2,0,83,1,3,0,57,3,1,0,12,3,12,3,12,3,12,3,8,4,8,3,8,3,8,3,8,3,8,3
2,6,1,29,12,55,0,150,0,5,0,5,5,7,102,3,2,0,66,1,4,0,57,3,1,0,21,2,12,3,21,2,8,3,8,5,8,4,8,3,8,3,8,3,8,3
2,6,1,34,12,70,0,190,0,6,0,5,5,6,102,3,2,0,67,1,5,0,40,3,2,0,21,2,12,3,21,2,8,4,8,6,8,5,8,4,8,4,8,4,8,4
2,6,1,40,13,90,0,225,0,8,0,5,5,6,103,4,3,0,67,1,6,0,40,3,2,0,21,3,12,4,8,4,8,4,8,7,7,7,7,5,7,4,20,3,20,1
2,7,1,46,13,110,0,4,1,10,0,6,5,6,103,4,3,0,41,1,7,0,66,3,2,0,21,3,12,4,8,4,8,4,8,8,7,8,7,6,7,5,20,4,20,2
2,7,1,52,14,140,0,64,1,12,0,6,5,5,103,4,3,0,41,1,8,0,66,3,2,0,21,4,12,5,6,3,1,3,8,9,7,9,20,7,20,6,4,2,4,2
2,7,1,58,15,180,0,144,1,14,0,7,4,5,103,4,4,0,42,1,9,0,41,3,3,0,21,4,12,5,6,4,1,4,8,10,7,10,20,8,20,7,4,4,4,4
2,8,1,64,16,230,0,244,1,16,0,7,4,5,103,5,6,0,42,1,10,0,41,3,3,0,21,5,12,6,6,5,1,5,8,11,7,11,20,9,4,4,4,6,9,5
2,8,1,70,17,24,1,88,2,18,0,8,4,4,103,5,8,0,42,1,12,0,67,3,2,0,21,5,12,6,6,6,1,6,8,12,7,12,20,10,4,5,4,7,9,6
2,9,2,78,18,74,1,188,2,19,0,8,4,4,103,3,10,0,42,1,15,0,67,5,3,0,21,6,12,7,6,7,1,7,8,12,7,12,8,6,4,6,4,8,9,7
2,9,2,84,19,124,1,32,3,20,0,9,4,4,103,3,12,0,42,1,18,0,67,5,5,0,21,6,12,7,6,8,1,8,8,12,7,12,8,8,4,7,4,9,9,8
2,2,1,20,8,5,0,30,0,0,0,2,7,8,102,0,1,0,65,1,0,0,101,3,0,0,15,1,15,1,12,1,12,1,8,1,8,1,11,1,11,1,6,1,6,1
2,2,1,21,9,10,0,40,0,0,0,2,7,8,102,0,1,0,40,1,0,0,101,3,0,0,15,2,15,2,12,2,12,2,8,2,8,2,11,1,11,1,6,1,6,1
2,3,1,22,10,15,0,60,0,1,0,2,7,8,102,0,2,0,57,1,1,0,115,3,0,0,15,3,15,3,12,2,8,1,8,1,11,2,7,1,8,2,3,1,6,2
2,3,1,23,11,22,0,80,0,2,0,3,6,7,102,0,2,0,39,1,1,0,115,3,0,0,15,3,15,3,12,3,8,2,8,2,11,2,7,1,8,2,3,1,6,2
2,3,1,24,12,30,0,110,0,3,0,3,6,7,102,0,2,0,83,1,2,2,57,3,0,0,15,4,15,4,12,3,8,3,8,3,11,3,7,2,8,3,3,1,6,3
2,4,1,25,13,40,0,140,0,3,0,4,6,7,102,0,3,0,66,1,2,2,57,3,0,0,15,4,15,4,0,4,8,3,8,3,11,3,7,2,8,3,3,2,6,3
2,4,1,29,13,53,0,180,0,4,0,4,6,6,102,0,3,0,67,1,3,2,40,3,0,0,15,5,15,5,0,4,8,4,8,4,11,4,7,3,8,4,3,2,6,4
2,4,1,33,14,66,0,230,0,5,0,4,5,6,103,0,4,0,67,1,3,2,40,3,1,0,21,5,15,5,0,5,8,4,8,5,11,4,7,3,8,5,3,2,6,4
2,5,1,37,14,75,0,34,1,6,0,5,5,6,103,0,4,0,41,1,4,0,66,3,1,2,21,5,15,6,0,5,8,5,8,6,11,5,7,4,8,6,3,3,6,5
2,5,1,41,15,86,0,104,1,7,0,5,5,5,103,0,5,0,41,1,4,0,66,3,1,2,21,6,15,6,0,6,4,3,9,4,1,2,7,4,8,7,3,3,6,5
2,5,1,45,16,100,0,189,1,8,0,6,5,5,103,0,6,0,42,1,5,0,41,3,1,0,21,6,15,7,0,6,4,4,9,5,1,2,7,4,8,8,3,3,6,6
2,6,1,50,17,120,0,48,2,9,0,6,4,5,103,255,7,0,42,1,5,0,41,4,1,0,21,7,15,7,0,7,4,5,9,6,1,3,20,5,8,9,3,4,6,6
2,6,1,60,18,140,0,148,2,10,0,7,4,4,103,255,8,0,42,1,6,0,67,4,2,2,21,7,15,8,0,7,4,6,9,7,1,3,20,5,8,10,3,4,6,7
2,7,2,65,19,160,0,12,3,11,0,7,4,4,103,255,9,0,42,1,6,0,67,4,3,2,21,8,15,8,0,8,4,7,9,8,1,4,20,6,8,11,3,5,6,7
2,8,2,70,20,180,0,152,3,12,0,8,4,4,103,255,10,0,42,1,7,0,67,4,4,2,21,9,15,9,0,8,4,8,9,9,1,5,20,6,8,12,3,5,6,8
2,3,1,19,8,5,0,25,0,0,0,4,8,10,102,2,0,0,65,1,1,0,101,3,0,0,12,1,12,1,12,1,12,1,12,1,12,1,8,1,8,1,11,1,7,1
2,3,1,20,9,9,0,30,0,0,0,4,8,10,102,2,1,0,40,1,1,0,101,3,0,0,12,1,12,1,12,1,12,1,12,1,12,1,8,1,8,1,11,1,7,1
2,4,1,21,10,15,0,45,0,0,0,4,8,10,102,2,1,0,57,1,2,0,115,3,0,0,12,2,12,1,12,1,12,1,12,1,12,1,8,1,8,1,11,1,7,2
2,4,1,22,11,22,0,60,0,1,0,5,8,9,102,2,2,0,39,1,3,0,115,3,1,0,12,2,12,2,12,2,12,2,12,2,12,2,8,2,8,2,11,2,7,4
2,4,1,26,11,30,0,85,0,2,0,5,8,9,102,2,2,0,83,1,4,0,57,3,1,0,12,2,12,2,12,2,12,2,12,2,12,2,8,3,8,3,11,2,7,6
2,5,1,30,12,40,0,110,0,2,0,6,8,9,102,3,2,0,66,1,5,0,57,3,1,0,12,3,12,3,12,3,12,4,12,4,12,4,8,3,6,3,11,3,7,8
2,5,1,35,12,53,0,145,0,2,0,6,7,8,102,3,2,0,66,1,6,0,40,3,1,0,12,3,12,3,12,3,8,3,8,3,8,3,8,3,6,4,11,4,7,9
2,5,1,40,13,68,0,190,0,3,0,6,7,8,104,3,2,0,66,1,7,0,40,3,1,0,21,3,21,3,21,3,8,4,8,4,8,4,8,4,6,5,11,5,7,10
2,6,1,45,13,85,0,245,0,3,0,7,7,8,104,3,2,0,67,1,7,0,115,4,2,0,21,3,21,3,21,3,8,4,8,4,8,4,8,4,6,5,11,6,7,11
2,6,1,50,14,105,0,54,1,4,0,7,7,7,104,3,3,0,67,255,8,0,115,4,2,0,21,4,21,4,21,4,1,4,1,6,1,6,3,2,6,6,11,7,7,12
2,6,1,55,15,125,0,144,1,4,0,8,7,7,104,3,3,0,67,255,9,0,66,4,2,0,21,5,21,5,1,4,1,4,7,6,7,6,3,2,6,6,11,8,7,12
2,7,1,60,16,155,0,244,1,5,0,9,7,7,104,3,3,0,41,255,10,0,66,4,3,0,21,6,1,5,1,5,7,6,7,6,20,6,3,3,6,7,11,9,7,12
2,7,2,65,17,195,0,88,2,6,0,10,6,6,104,3,3,0,41,255,12,0,67,5,4,0,21,7,1,6,4,8,20,5,9,6,0,5,3,3,6,7,11,10,4,5
2,8,2,70,18,235,0,188,2,7,0,11,6,6,104,3,3,0,41,255,14,0,67,5,6,0,21,8,1,7,4,9,20,6,9,7,0,6,3,4,6,8,11,11,4,6
2,9,2,75,19,34,1,32,3,8,0,12,6,6,104,3,3,0,41,255,16,0,67,5,8,0,21,9,1,8,4,10,20,7,9,8,0,6,3,4,6,9,11,12,4,7
2,3,1,18,6,4,0,25,0,0,0,3,7,11,65,3,0,0,101,1,0,0,8,0,2,0,12,1,12,1,12,1,12,1,15,1,15,1,8,1,8,1,6,1,7,1
2,3,1,19,6,7,0,33,0,0,0,3,7,11,65,3,0,0,57,1,1,0,8,0,3,0,12,2,12,2,12,2,12,2,15,2,15,2,8,1,8,1,6,2,7,1
2,3,1,20,7,11,0,45,0,1,0,4,7,11,57,3,0,0,115,1,1,0,8,0,4,0,12,3,12,3,12,3,12,3,15,3,15,3,8,2,8,2,6,2,7,1
2,4,1,21,8,15,0,66,0,1,0,4,7,11,57,3,1,0,115,1,2,0,101,0,4,0,12,4,12,4,12,4,11,2,15,3,15,3,8,2,8,2,6,3,3,1
2,4,1,22,9,20,0,75,0,2,0,5,7,10,39,3,1,0,101,1,2,0,8,0,4,0,12,4,12,4,12,4,11,3,15,4,15,4,8,3,8,3,6,3,3,1
2,4,1,24,10,26,0,90,0,2,0,5,6,10,39,3,2,0,115,1,3,0,101,0,5,0,12,5,12,5,12,5,11,3,15,4,15,4,8,3,8,3,6,4,3,1
2,5,1,27,11,32,0,125,0,3,0,6,6,10,40,3,2,0,115,1,3,0,65,0,5,0,12,5,12,5,7,4,11,4,15,5,19,1,8,4,8,4,6,4,3,2
2,5,1,30,12,40,0,145,0,3,0,6,6,10,40,3,2,0,66,1,4,0,101,0,6,0,21,5,21,5,7,4,11,4,15,5,19,1,8,4,8,4,6,5,3,2
2,5,1,34,13,50,0,185,0,4,0,7,6,9,102,3,3,0,102,1,4,0,65,0,6,0,21,5,1,3,7,5,11,5,19,2,20,1,8,5,8,5,6,5,3,2
2,6,1,38,13,65,0,230,0,5,0,7,6,9,102,3,3,0,8,254,10,2,40,1,6,0,21,6,1,4,7,5,11,6,19,2,20,1,8,5,8,6,6,6,3,3
2,6,1,42,14,80,0,44,1,6,0,8,5,9,104,3,4,0,8,254,15,0,116,1,6,0,21,6,1,5,0,6,20,2,6,5,4,4,8,6,8,7,6,6,3,4
2,7,1,46,14,100,0,94,1,7,0,8,5,9,104,3,4,0,8,254,20,2,116,1,7,0,21,7,1,6,0,7,20,3,6,6,4,5,9,7,8,8,6,7,3,5
2,7,1,50,15,120,0,144,1,8,0,9,5,8,104,3,5,0,8,253,25,0,69,1,7,0,21,7,1,7,0,8,20,4,6,7,4,6,9,8,8,9,6,7,3,6
2,8,2,55,15,140,0,204,1,9,0,10,5,8,104,3,5,0,8,253,30,2,69,1,8,0,21,8,1,8,0,9,20,5,6,8,4,7,9,9,8,10,6,8,3,7
2,8,2,60,16,170,0,18,2,10,0,11,5,8,104,3,5,0,8,253,35,0,69,1,10,0,21,8,1,9,0,10,20,6,6,9,4,8,9,10,8,11,6,9,3,8
2,2,1,17,8,5,0,35,0,1,0,2,5,8,65,2,1,0,101,3,0,0,8,1,3,0,12,1,12,1,12,1,12,1,12,1,8,1,8,1,8,1,8,1,8,1
2,2,1,18,9,8,0,53,0,1,0,2,5,8,65,2,1,2,57,3,0,0,8,1,3,0,12,2,12,2,12,2,12,2,12,2,8,1,8,1,8,1,8,1,8,1
2,2,1,19,10,12,0,75,0,3,0,3,5,8,57,2,1,0,115,3,0,0,8,1,3,0,12,3,12,3,12,3,12,3,8,1,8,1,8,1,8,1,8,1,8,1
2,3,1,20,10,16,0,106,0,3,0,3,5,8,57,2,2,0,115,3,1,0,101,1,3,0,21,2,21,2,21,2,21,2,8,2,8,2,8,2,8,2,8,2,8,2
2,3,1,22,11,20,0,125,0,5,0,4,5,7,39,2,2,0,101,3,1,0,8,1,3,0,21,2,21,2,8,2,8,2,8,2,8,2,8,2,8,2,19,1,19,1
2,3,1,24,11,25,0,150,0,5,0,4,4,7,39,2,3,0,115,3,2,0,116,1,3,0,21,3,21,3,8,3,8,3,8,3,8,3,8,3,8,3,19,1,19,1
2,4,1,28,12,30,0,195,0,5,0,5,4,7,40,3,3,0,115,3,3,0,65,1,3,0,21,3,21,3,8,4,8,4,8,4,19,1,20,1,11,4,6,1,6,2
2,4,1,32,13,36,0,225,0,7,0,5,4,7,40,3,3,0,66,3,4,0,116,1,4,0,21,4,21,4,1,1,1,1,8,5,19,2,20,1,11,5,6,2,6,3
2,4,1,36,14,44,0,19,1,7,0,5,4,6,102,3,4,0,102,3,5,0,65,1,4,0,21,4,21,4,1,2,1,2,8,6,19,2,20,1,11,6,6,3,6,4
2,5,1,40,15,60,0,74,1,7,0,6,4,6,102,4,4,0,8,255,10,0,40,1,6,0,21,5,1,2,1,3,8,7,0,2,3,1,20,2,11,7,6,4,6,5
2,5,1,44,16,80,0,154,1,9,0,7,3,6,104,4,4,0,8,255,12,0,116,1,6,0,21,5,1,3,1,4,8,8,0,4,3,3,20,2,11,8,6,5,6,6
2,6,1,48,17,110,0,214,1,9,0,7,3,6,41,4,6,0,8,255,14,2,69,1,8,0,21,6,1,4,1,5,20,5,0,6,3,5,9,3,11,9,6,6,6,7
2,6,1,56,18,140,0,18,2,10,0,8,3,5,43,5,6,0,8,254,18,2,116,255,10,0,21,6,1,5,1,6,20,6,0,8,3,7,9,4,11,10,6,7,6,8
2,7,2,64,19,170,0,88,2,10,0,9,3,5,43,5,6,0,8,254,24,2,69,255,15,0,21,7,1,6,1,7,20,7,0,9,3,9,9,5,11,11,6,8,6,9
2,7,2,72,20,200,0,168,2,11,0,10,3,5,43,6,8,0,8,254,30,2,116,255,20,0,21,7,1,7,1,8,20,8,0,10,3,11,9,6,11,12,6,9,6,10
2,2,1,18,7,4,0,32,0,0,0,3,6,10,65,2,1,0,101,3,0,0,8,1,1,0,12,1,12,1,12,1,12,1,12,1,12,1,8,1,8,1,8,1,7,3
2,2,1,19,8,7,0,47,0,1,0,3,6,10,65,2,2,0,57,3,0,0,8,1,1,0,12,1,12,1,12,1,12,1,12,1,8,1,8,1,8,1,8,1,7,5
2,2,1,20,8,10,0,66,0,1,0,4,6,10,57,2,3,0,115,3,0,0,8,1,1,0,12,2,12,2,12,2,8,1,8,1,8,1,8,1,8,1,8,1,7,7
2,3,1,21,9,15,0,84,0,2,0,4,6,10,57,2,5,0,115,3,1,0,101,1,2,0,12,2,12,3,12,3,8,2,8,2,8,2,8,2,8,2,8,2,7,8
2,3,1,23,9,20,0,110,0,3,0,5,6,9,39,2,3,0,101,3,1,0,8,1,2,0,12,3,12,4,8,2,8,2,8,2,8,3,19,1,19,1,8,3,7,9
2,3,1,25,10,27,0,152,0,4,0,5,5,9,39,2,4,0,115,3,2,0,101,1,2,0,12,3,12,5,8,2,8,2,8,2,8,4,19,1,19,1,8,4,7,10
2,4,1,29,11,35,0,160,0,5,0,6,5,9,40,2,5,0,115,3,3,0,65,1,2,0,12,4,12,6,8,3,8,3,8,3,19,2,20,1,20,1,8,4,7,10
2,4,1,34,12,45,0,201,0,6,0,6,5,8,40,2,6,0,66,3,4,0,101,1,3,0,12,4,8,3,8,3,8,3,19,2,20,2,6,5,6,5,8,5,7,10
2,5,1,39,13,56,0,248,0,7,0,6,5,8,102,2,7,0,102,3,4,0,65,1,4,0,21,4,8,4,8,4,8,4,19,3,20,3,6,6,6,6,8,6,7,12
2,5,1,45,14,68,0,44,1,8,0,7,5,8,102,2,8,0,8,0,9,0,40,3,4,0,21,4,8,4,8,4,8,4,19,3,20,4,6,6,6,6,8,7,7,12
2,6,1,51,15,92,0,121,1,9,0,7,4,7,41,2,9,0,8,0,12,0,116,3,5,0,21,5,1,3,1,4,19,4,20,5,3,5,6,7,6,7,8,8,7,12
2,6,1,57,16,110,0,178,1,10,0,7,4,7,41,2,9,0,8,0,15,2,116,3,6,0,21,5,1,4,1,5,19,5,20,6,3,5,6,7,6,7,8,9,7,12
2,7,2,64,17,130,0,235,1,11,0,8,4,7,41,2,10,0,8,0,20,2,116,3,7,0,21,6,1,5,1,6,19,6,20,7,3,6,6,8,6,8,8,10,7,12
2,7,2,71,18,150,0,46,2,12,0,8,4,6,58,2,11,0,8,0,25,2,116,3,8,0,21,6,1,6,1,7,19,7,20,8,3,6,6,8,6,8,8,11,7,12
2,8,2,78,19,170,0,123,2,13,0,8,4,6,58,2,12,0,8,0,30,2,116,3,9,0,21,7,1,7,1,8,19,8,20,9,3,7,6,9,6,9,8,12,7,12
2,4,1,18,7,6,0,25,0,0,0,6,9,12,65,2,0,0,101,0,1,0,8,3,0,0,15,1,15,1,12,1,15,1,15,1,15,1,15,1,8,1,8,1,11,1
2,4,1,19,8,9,0,33,0,0,0,6,9,12,65,2,0,0,57,0,1,0,8,3,0,0,15,2,15,2,12,2,15,2,15,2,15,2,8,1,8,1,8,1,11,1
2,4,1,20,8,12,0,45,0,0,0,7,9,12,57,2,1,0,115,0,2,0,8,3,0,0,15,2,15,2,12,2,8,2,8,2,6,1,8,2,8,2,8,2,11,2
2,5,1,21,9,17,0,66,0,1,0,7,9,12,57,2,2,0,115,0,3,0,101,3,0,0,15,3,15,3,12,3,8,2,8,2,6,2,8,2,8,2,8,2,11,2
2,5,1,22,9,23,0,75,0,1,0,8,9,11,39,2,3,0,101,0,4,0,8,3,1,0,15,3,15,3,12,3,8,3,8,3,6,2,8,3,8,3,8,3,11,3
2,5,1,23,10,33,0,90,0,2,0,8,10,11,39,2,3,0,115,0,5,0,101,3,1,0,15,4,15,4,12,4,8,3,8,3,6,3,8,3,8,3,8,3,11,3
2,6,1,25,10,43,0,125,0,2,0,9,10,11,40,2,4,0,115,0,6,0,65,3,2,0,15,4,15,4,12,4,8,3,8,3,6,3,19,1,8,4,8,4,11,4
2,6,1,29,11,55,0,145,0,3,0,9,10,11,40,2,4,0,66,0,7,0,101,4,2,0,21,4,1,3,8,6,19,2,20,1,6,4,7,6,8,5,8,5,11,4
2,6,1,33,12,67,0,185,0,4,0,9,10,10,102,2,4,0,102,0,8,0,65,4,2,0,21,4,1,4,8,7,19,2,20,2,6,4,7,6,8,6,8,6,11,5
2,7,1,37,13,80,0,230,0,5,0,10,10,10,102,2,4,0,8,255,9,0,40,4,3,0,21,5,1,5,8,8,19,3,20,2,6,4,7,7,8,7,8,7,11,6
2,7,1,41,14,95,0,44,1,6,0,10,11,10,104,2,5,0,8,255,10,0,69,5,3,0,21,5,1,6,10,8,20,3,3,4,6,5,7,7,8,8,8,8,11,7
2,8,1,45,15,110,0,94,1,7,0,10,11,10,104,3,5,0,8,255,12,0,116,5,4,0,21,6,1,7,10,9,20,3,3,4,6,5,7,8,8,9,8,9,11,8
2,8,1,50,16,130,0,144,1,8,0,11,11,9,104,3,7,0,8,255,14,2,69,5,4,0,21,6,1,8,10,10,20,4,3,5,6,6,7,8,8,10,8,10,11,9
2,9,2,55,17,150,0,204,1,9,0,12,11,9,104,3,9,0,8,255,16,2,116,6,5,0,21,7,1,9,10,11,20,4,3,5,6,7,7,9,8,11,8,11,11,10
2,9,2,60,18,170,0,18,2,10,0,13,11,9,104,3,10,0,8,255,18,2,116,6,5,0,21,7,1,10,10,12,20,5,3,6,6,8,7,10,8,12,8,12,11,11
2,3,1,18,7,7,0,27,0,0,0,5,8,9,115,3,0,0,101,0,2,0,8,1,1,0,12,1,12,1,12,1,12,1,12,1,12,1,15,1,6,1,8,1,11,1
2,3,1,19,8,10,0,37,0,1,0,5,8,9,115,3,0,0,57,0,2,0,8,1,1,0,12,1,12,1,12,1,12,1,12,1,8,1,15,1,6,1,8,1,11,1
2,4,1,20,9,15,0,49,0,1,0,6,8,9,65,3,0,0,115,0,2,0,8,1,2,0,12,2,12,2,8,1,8,1,8,1,8,1,15,1,6,1,8,1,11,1
2,4,1,21,9,20,0,65,0,2,0,6,8,9,65,3,0,0,115,0,2,0,101,1,2,0,12,2,12,2,8,2,8,2,8,2,8,2,15,2,6,2,8,2,11,2
2,5,1,22,10,26,0,85,0,2,0,7,8,8,57,3,0,0,101,0,3,0,8,1,3,0,12,3,12,3,8,2,8,2,8,2,8,2,15,2,6,2,8,2,11,2
2,5,1,24,10,32,0,105,0,3,0,7,7,8,57,3,0,0,115,0,3,0,101,1,4,0,21,3,21,3,8,3,8,3,8,3,8,3,19,1,6,3,8,3,11,3
2,6,1,27,11,40,0,130,0,3,0,8,7,8,40,4,0,0,115,0,4,0,65,1,4,0,21,3,21,3,8,3,8,3,8,3,8,3,19,1,6,3,8,3,11,3
2,6,1,31,11,48,0,165,0,4,0,8,7,8,40,4,0,0,66,0,4,0,101,1,6,2,21,4,8,5,10,4,1,2,8,4,20,1,19,2,6,4,8,4,11,4
2,7,1,35,12,60,0,205,0,5,0,8,7,7,40,5,1,0,102,0,5,0,65,1,6,0,21,4,8,6,10,4,1,2,8,5,20,2,19,2,6,4,8,4,11,4
2,7,1,40,13,72,0,255,0,6,0,9,7,7,102,5,1,0,8,255,8,0,40,1,6,0,21,5,8,7,10,5,1,3,19,3,20,3,6,4,6,4,8,5,11,5
2,8,1,45,14,88,0,59,1,7,0,9,6,7,102,6,2,0,8,255,10,0,69,1,7,0,21,5,8,8,10,5,1,4,19,3,20,4,6,4,6,5,8,5,11,5
2,8,1,50,15,106,0,119,1,8,0,9,6,7,102,6,2,0,8,255,12,0,116,1,8,0,21,6,8,9,10,6,19,4,20,4,1,5,7,5,6,5,6,6,11,6
2,9,2,55,16,126,0,179,1,9,0,10,6,6,104,7,2,0,8,255,16,2,69,1,9,0,21,6,8,10,10,6,19,4,20,4,1,6,7,6,6,6,6,7,11,6
2,9,2,60,17,150,0,239,1,10,0,10,6,6,104,7,3,0,8,255,20,2,116,1,10,0,21,7,8,11,10,7,19,5,20,5,1,7,7,7,6,7,6,8,11,7
2,10,2,65,18,175,0,48,2,12,0,10,6,6,104,8,4,0,8,255,25,2,69,1,12,0,21,7,8,12,10,7,19,5,20,5,1,8,7,8,6,8,6,9,11,7
1,2,1,18,7,6,0,25,0,0,0,6,3,10,65,2,0,0,101,3,0,0,8,1,1,0,12,1,12,1,12,1,12,1,12,1,12,1,12,1,12,1,12,1,8,1
1,2,1,19,8,9,0,30,0,0,0,6,3,10,115,2,0,0,57,3,0,0,8,1,1,0,12,2,12,2,12,2,12,2,12,2,12,2,12,2,12,2,12,2,8,1
1,2,1,20,9,14,0,35,0,0,0,6,4,9,57,2,1,0,101,3,0,0,8,1,2,0,12,3,12,3,12,3,12,3,19,1,19,1,19,1,19,1,8,2,8,2
1,3,1,21,10,20,0,50,0,0,0,7,4,9,57,2,1,0,115,3,0,0,101,1,2,0,12,4,12,4,19,1,19,1,20,1,20,1,20,1,8,2,7,6,6,3
1,3,1,22,11,30,0,65,0,2,0,7,4,8,40,2,1,0,115,3,1,0,101,1,3,0,21,3,21,3,19,2,19,2,20,1,20,1,20,1,8,2,7,8,6,4
1,3,1,23,12,40,0,70,0,2,0,7,5,8,40,3,1,0,102,3,1,0,101,1,3,0,21,3,21,3,19,2,20,2,20,2,9,2,9,2,8,5,7,10,6,4
1,4,1,24,13,55,0,90,0,2,0,8,5,7,39,3,2,0,65,3,1,0,102,2,4,0,21,4,16,3,20,2,20,2,0,2,9,2,9,2,8,6,7,12,6,5
1,4,1,26,14,70,0,125,0,4,0,8,5,7,66,3,2,0,102,3,1,0,115,2,4,0,21,4,16,3,20,3,20,3,0,4,9,3,9,3,8,7,7,12,6,5
1,4,1,29,15,90,0,155,0,4,0,8,6,6,66,4,3,2,40,3,1,0,115,2,4,0,21,5,16,4,20,3,20,3,0,5,9,3,9,4,8,8,7,12,6,6
1,5,1,32,16,120,0,200,0,4,0,9,6,6,83,4,3,0,103,3,2,0,115,2,5,0,21,5,16,4,20,4,20,4,0,7,9,4,9,5,8,9,7,12,6,6
1,5,1,35,17,160,0,245,0,6,0,9,6,5,83,4,4,2,8,3,2,0,69,2,6,0,21,6,16,5,20,4,20,4,0,8,9,5,11,12,8,10,7,12,6,7
1,5,1,40,18,200,0,59,1,6,0,10,7,5,92,5,6,0,8,255,6,2,69,3,7,0,21,6,16,5,20,5,8,11,0,9,9,7,11,12,10,9,4,6,6,8
1,6,1,45,19,250,0,129,1,8,0,11,7,4,103,5,7,0,8,255,8,2,116,3,7,0,21,7,16,6,20,5,8,12,0,10,9,8,11,12,10,10,4,7,1,8
1,6,2,50,20,44,1,224,1,8,0,12,7,3,43,6,8,0,8,255,10,0,69,3,8,0,21,7,16,6,20,6,8,12,0,11,9,9,11,12,10,11,4,8,1,9
1,7,2,55,21,104,1,188,2,10,0,13,8,2,43,6,9,0,8,255,15,0,116,3,8,0,21,8,16,7,20,6,8,12,0,12,9,10,11,12,10,12,4,9,1,10
1,2,1,19,5,6,0,30,0,0,0,5,3,9,65,3,0,2,101,1,0,0,8,0,1,0,12,1,12,1,12,1,15,1,15,1,15,1,8,1,8,1,8,1,8,1
1,2,1,20,6,11,0,40,0,1,0,5,3,9,115,3,0,0,57,1,1,0,8,0,2,0,12,2,12,2,12,2,15,2,15,2,19,1,8,2,8,2,8,2,8,2
1,2,1,21,7,20,0,50,0,1,0,5,3,8,57,3,1,0,101,1,1,0,8,0,2,0,12,3,12,3,19,1,19,1,20,1,20,1,11,2,9,1,8,3,8,2
1,3,1,22,8,30,0,70,0,2,0,6,4,8,40,3,1,0,115,1,2,0,101,0,3,0,12,3,16,2,20,1,20,1,11,4,9,2,0,1,0,1,8,3,8,3
1,3,1,26,9,42,0,90,0,2,0,6,4,7,40,3,1,0,115,1,2,0,101,0,3,0,21,3,16,2,20,2,20,2,11,5,9,3,0,2,0,2,8,3,8,3
1,3,1,30,10,56,0,100,0,3,0,6,4,7,39,3,2,0,102,1,3,0,101,0,4,2,21,3,16,3,20,2,3,2,9,2,0,2,8,7,8,6,8,5,8,4
1,4,1,35,11,80,0,125,0,3,0,7,5,6,66,3,3,0,65,1,4,2,102,0,4,0,21,4,16,3,20,3,3,3,9,3,0,3,8,8,8,7,8,6,8,5
1,4,1,40,12,100,0,165,0,4,0,7,5,6,92,3,2,0,102,1,5,0,115,0,5,0,21,4,16,4,20,3,6,5,0,3,8,9,11,10,6,8,8,8,8,7
1,5,1,45,13,120,0,200,0,4,0,7,5,5,92,3,3,0,40,1,6,0,115,0,5,0,21,5,16,4,20,4,6,5,0,4,8,10,11,11,10,3,8,9,8,8
1,5,1,50,14,150,0,250,0,5,0,8,6,5,83,3,3,2,103,1,7,0,115,0,6,0,21,5,16,5,20,4,6,6,0,5,8,11,11,12,10,4,4,4,1,7
1,6,1,55,15,190,0,44,1,5,0,9,6,4,83,3,3,2,8,255,10,0,69,0,7,0,21,6,16,5,20,5,6,6,0,6,8,12,11,12,10,5,4,4,1,7
1,6,1,60,16,230,0,119,1,7,0,10,6,4,103,3,4,0,8,255,12,0,116,0,8,0,21,6,16,6,20,5,6,7,0,7,8,12,11,12,10,6,4,5,1,8
1,7,1,65,17,14,1,194,1,7,0,11,7,3,43,3,4,0,8,255,14,2,69,0,8,0,21,7,16,6,20,6,6,7,0,8,8,12,11,12,10,7,4,5,1,8
1,7,1,70,18,64,1,8,2,9,0,12,7,3,43,4,5,0,8,255,16,2,116,0,9,0,21,7,16,7,20,6,6,8,0,9,8,12,11,12,10,8,4,6,1,9
1,8,2,75,19,124,1,7,3,12,0,13,7,2,43,4,5,0,8,255,18,0,69,0,9,0,21,8,16,7,20,7,6,9,0,10,8,12,11,12,10,9,4,7,1,9
1,3,1,16,7,5,0,27,0,0,0,8,6,12,65,0,1,0,101,3,0,0,8,255,3,0,12,1,12,1,12,1,12,1,12,1,8,1,8,1,8,1,8,1,8,1
1,3,1,17,8,8,0,34,0,0,0,8,6,12,115,0,1,0,57,3,0,0,8,255,4,0,12,1,12,1,12,1,12,1,12,1,8,2,8,2,8,2,8,2,8,2
1,3,1,18,8,12,0,41,0,0,0,8,6,12,57,0,2,0,101,3,0,0,8,255,5,0,12,2,12,2,19,1,8,2,8,2,8,3,8,2,11,4,11,3,11,2
1,4,1,19,9,18,0,58,0,1,0,9,7,11,57,0,3,0,115,3,1,0,101,1,2,0,12,2,16,2,20,1,20,1,8,3,8,4,11,6,11,5,6,3,10,1
1,4,1,21,10,25,0,75,0,1,0,9,7,11,40,0,4,0,115,3,1,0,101,1,2,0,21,2,16,2,20,2,9,1,8,3,8,5,11,7,11,6,6,3,10,2
1,4,1,23,11,35,0,82,0,2,0,9,7,11,40,0,5,0,102,3,1,0,101,1,3,0,21,2,16,3,20,2,9,2,0,2,8,6,11,8,10,3,4,5,1,3
1,5,1,27,12,48,0,104,0,2,0,10,8,10,39,0,6,0,65,3,2,2,102,1,4,0,21,3,16,3,20,3,9,2,0,2,8,7,11,9,10,4,4,5,1,3
1,5,1,31,13,72,0,141,0,3,0,10,8,10,66,0,7,0,102,3,2,0,115,1,4,0,21,3,16,4,20,3,9,3,0,3,8,8,11,10,10,5,4,6,1,4
1,5,1,35,14,90,0,173,0,3,0,10,8,9,83,0,8,0,40,3,3,0,115,1,5,0,21,4,16,4,20,4,9,3,0,5,8,9,11,11,10,6,4,6,1,4
1,6,1,40,15,115,0,220,0,4,0,11,9,9,83,0,9,0,102,3,3,0,69,2,5,0,21,4,16,5,20,4,9,4,0,7,8,10,11,12,10,7,4,7,1,5
1,6,1,45,16,140,0,11,1,4,0,11,9,8,92,0,10,0,8,4,4,0,69,2,6,0,21,5,16,5,20,5,6,5,0,8,8,11,11,12,10,8,4,7,1,5
1,6,1,50,17,190,0,83,1,6,0,11,9,8,92,0,12,0,8,4,4,0,69,2,6,0,21,5,16,6,20,5,6,6,0,9,8,12,11,12,10,9,4,8,1,6
1,7,2,55,18,250,0,155,1,6,0,12,10,7,43,255,15,0,8,4,5,0,69,2,7,0,21,6,16,6,20,6,6,6,0,10,8,12,11,12,10,10,4,8,1,6
1,7,2,60,19,54,1,252,1,8,0,13,10,7,43,255,21,0,8,4,5,0,69,2,8,0,21,6,16,7,20,6,6,7,0,11,8,12,11,12,10,11,4,9,1,7
1,7,2,65,20,114,1,218,2,8,0,14,10,6,43,255,30,0,8,5,6,0,69,2,10,0,21,7,16,7,20,7,6,7,0,12,8,12,11,12,10,12,4,9,1,8
1,2,1,19,7,4,0,30,0,0,0,5,5,9,65,2,0,0,101,0,2,0,8,1,1,0,12,1,12,1,12,1,12,1,12,1,12,1,12,1,8,1,8,1,8,1
1,2,1,20,8,8,0,40,0,0,0,5,5,9,57,2,0,0,57,0,2,0,8,1,1,0,12,2,12,2,12,2,12,2,19,1,19,1,19,1,8,2,8,2,8,2
1,2,1,21,8,13,0,50,0,1,0,5,5,9,57,2,0,0,101,0,3,0,8,1,2,0,12,2,19,1,20,1,9,1,0,1,9,1,4,2,4,2,8,3,8,3
1,3,1,22,9,19,0,70,0,1,0,6,5,8,40,2,1,0,115,0,3,0,101,3,2,0,12,3,19,2,20,2,9,2,0,1,8,3,4,2,4,2,8,4,8,4
1,3,1,24,9,25,0,90,0,2,0,6,6,8,39,2,2,0,115,0,3,0,101,3,3,0,21,3,19,2,20,2,9,3,0,2,8,3,11,2,4,3,1,5,8,5
1,3,1,27,10,35,0,100,0,2,0,6,6,8,66,2,2,0,102,0,4,0,101,3,3,0,21,3,19,3,20,3,9,4,0,2,8,4,11,3,4,3,1,6,8,5
1,4,1,31,11,47,0,125,0,3,0,7,6,7,66,2,2,0,65,0,4,0,102,3,4,0,21,4,19,3,20,3,9,5,0,3,8,4,11,3,10,4,4,4,1,4
1,4,1,35,12,60,0,165,0,3,0,7,6,7,92,3,2,0,102,0,6,0,115,3,4,0,21,4,19,4,20,4,6,5,0,3,8,5,11,4,10,5,4,4,1,4
1,5,1,39,13,75,0,200,0,4,0,7,7,7,92,3,3,0,40,0,6,0,115,3,5,0,21,5,19,4,20,4,6,6,0,4,8,5,11,4,10,6,4,5,1,5
1,5,1,44,14,95,0,250,0,5,0,8,7,6,83,3,3,0,8,0,8,0,115,3,6,0,21,5,19,5,20,5,6,6,0,5,8,6,11,5,10,7,4,5,1,5
1,6,1,50,15,120,0,44,1,6,0,9,7,6,83,4,5,0,8,0,10,0,116,3,8,0,21,6,19,5,20,5,6,7,0,6,8,6,11,5,10,8,4,6,1,6
1,6,1,56,16,145,0,119,1,7,0,10,7,6,83,4,8,0,8,0,12,0,69,2,10,0,21,6,19,6,20,6,6,7,0,7,8,7,11,6,10,9,4,6,1,7
1,7,2,62,17,170,0,194,1,8,0,11,8,5,43,4,9,0,8,255,15,0,116,2,12,0,21,7,19,6,20,7,6,8,0,8,8,7,11,6,10,10,4,7,1,8
1,7,2,68,18,200,0,8,2,9,0,12,8,5,43,4,10,0,8,255,18,0,69,2,14,0,21,7,19,7,20,8,6,9,0,9,8,8,11,7,10,11,4,7,1,9
1,8,2,76,19,240,0,7,3,10,0,13,8,5,43,4,12,0,8,255,24,0,116,2,16,0,21,8,19,7,20,9,6,10,0,10,8,8,11,7,10,12,4,8,1,10
1,4,1,17,5,4,0,50,0,0,0,5,7,9,65,0,0,0,8,1,0,0,8,3,0,0,21,1,12,1,8,1,8,1,8,1,8,1,11,1,11,1,11,1,7,1
1,4,1,18,6,7,0,60,0,0,0,5,7,9,65,0,1,0,101,1,0,0,8,3,0,0,21,1,12,1,8,2,8,2,8,2,8,2,11,2,11,2,11,2,7,2
1,5,1,19,7,10,0,72,0,1,0,5,7,8,65,0,1,0,102,1,1,0,8,3,0,0,21,2,12,2,8,3,8,3,8,3,8,3,11,3,11,3,11,3,7,2
1,5,1,20,8,15,0,88,0,1,0,5,6,8,65,0,2,0,115,1,1,0,101,3,0,0,21,2,8,6,8,3,8,3,11,3,11,3,20,1,6,1,6,1,6,1
1,6,1,21,9,21,0,108,0,2,0,6,6,7,40,0,2,0,102,1,1,0,101,3,0,0,21,3,8,8,11,10,20,1,3,4,1,2,1,2,6,2,6,2,6,2
1,6,1,22,10,28,0,132,0,2,0,6,6,7,40,0,3,0,57,1,1,0,115,3,1,0,21,3,8,10,11,11,20,2,3,5,1,3,1,3,6,2,4,1,4,2
1,7,1,23,11,38,0,158,0,3,0,6,6,6,40,0,4,0,102,1,2,0,115,3,1,0,21,4,8,11,11,12,20,2,3,6,1,4,0,1,6,3,4,2,4,3
1,7,1,26,11,48,0,188,0,3,0,6,5,6,40,0,5,0,57,1,2,0,115,3,1,0,21,4,8,11,11,12,20,3,3,7,1,5,0,2,6,3,4,2,9,7
1,8,1,29,12,64,0,226,0,4,0,7,5,5,83,0,6,0,40,1,2,0,115,3,1,0,21,5,8,12,6,10,20,3,3,7,1,6,0,3,6,10,4,3,9,8
1,8,1,32,12,90,0,12,1,4,0,8,5,5,83,0,8,0,57,1,3,0,115,3,1,0,21,5,8,12,6,10,20,4,3,8,1,7,0,3,6,10,4,4,9,9
1,9,1,35,13,120,0,64,1,5,0,9,5,4,83,255,10,0,102,1,3,0,115,3,1,0,21,6,8,12,6,11,20,4,3,8,1,8,0,4,6,11,4,5,9,9
1,9,2,38,13,150,0,116,1,6,0,10,4,4,83,255,12,0,40,1,3,0,115,3,2,0,21,6,8,12,6,11,20,5,3,9,1,9,0,4,6,11,4,6,9,10
1,10,2,42,14,180,0,178,1,7,0,11,4,3,83,255,15,0,57,1,3,0,115,3,2,0,21,7,8,12,6,12,20,5,3,9,1,10,0,5,6,12,4,7,10,10
1,10,2,45,14,210,0,4,2,8,0,12,4,3,83,255,18,2,102,1,4,0,115,3,2,0,21,7,8,12,6,12,20,6,3,10,1,11,0,5,6,12,4,8,10,11
1,10,2,48,15,240,0,88,2,9,0,13,4,2,83,255,24,2,40,1,5,0,115,3,2,0,21,8,8,12,6,12,20,6,3,10,1,12,0,6,6,12,4,9,10,12
1,5,1,16,7,6,0,50,0,0,0,5,10,7,65,1,2,0,115,2,1,1,8,4,0,0,21,1,21,1,8,1,8,1,8,1,8,1,20,1,11,1,11,1,11,1
1,5,1,17,8,10,0,60,0,1,0,5,10,7,65,1,2,0,101,2,1,0,8,4,0,0,21,2,21,2,8,2,8,2,8,2,8,2,20,2,11,2,11,2,11,2
1,5,1,18,9,15,0,72,0,2,0,5,10,6,65,1,3,0,102,2,1,0,8,4,0,0,21,2,21,2,8,3,8,3,8,3,11,3,20,2,6,5,6,6,1,1
1,6,1,20,10,24,0,88,0,2,0,5,9,6,65,2,3,0,115,3,1,0,101,4,0,0,21,3,8,7,11,9,20,4,3,3,1,3,1,3,6,6,6,7,4,1
1,6,1,22,11,30,0,108,0,3,0,6,9,5,40,2,3,0,102,3,2,0,101,4,0,0,21,3,8,7,11,10,20,4,3,4,1,3,1,3,6,7,4,3,9,1
1,6,1,26,12,38,0,132,0,3,0,6,9,5,40,2,4,0,57,3,2,0,115,4,0,0,21,4,8,8,11,11,20,5,3,5,1,4,1,4,6,8,4,4,9,1
1,7,1,30,13,48,0,158,0,4,0,7,8,4,40,2,4,0,102,3,3,0,115,4,1,0,21,4,8,8,11,12,20,5,3,6,1,4,1,4,6,8,4,5,9,2
1,7,1,34,14,60,0,188,0,4,0,7,8,4,40,2,5,0,57,3,4,0,115,4,1,0,21,5,8,9,11,12,20,6,3,7,1,5,2,2,6,9,4,6,9,2
1,7,1,38,15,74,0,226,0,5,0,8,8,3,83,4,5,0,40,3,4,0,115,4,2,0,21,5,8,9,1,7,20,6,0,4,1,5,2,3,6,9,4,7,9,3
1,8,1,42,16,88,0,12,1,6,0,9,7,3,83,4,6,0,57,3,4,0,115,4,2,0,21,6,8,10,1,8,20,7,0,5,1,6,2,4,6,10,4,8,9,3
1,8,1,46,17,100,0,64,1,7,0,10,7,2,83,4,9,0,102,3,4,0,115,4,3,0,21,6,8,10,1,9,20,7,0,6,1,6,2,5,6,10,4,9,9,4
1,8,1,50,18,115,0,116,1,8,0,11,7,2,83,4,12,0,40,3,4,0,115,4,4,0,21,7,8,11,1,10,20,8,0,7,1,7,2,6,6,11,4,10,9,4
1,9,2,54,19,130,0,178,1,9,0,13,6,1,58,4,15,0,57,3,4,0,115,0,5,0,21,7,8,11,1,11,20,8,0,8,1,7,2,7,6,11,4,11,9,5
1,9,2,58,20,145,0,4,2,10,0,14,6,1,58,5,18,2,102,3,6,0,115,0,6,0,21,8,8,12,1,12,20,9,0,9,1,8,2,8,6,12,4,11,9,5
1,9,2,60,21,160,0,88,2,12,0,15,6,1,58,6,21,2,40,3,10,0,115,0,10,0,21,8,8,12,1,12,20,10,0,10,1,9,2,9,6,12,4,12,9,6
1,4,1,17,8,5,0,48,0,0,0,8,8,10,65,0,0,0,8,0,0,0,8,3,0,0,21,1,21,1,8,1,8,1,8,1,8,1,11,1,11,1,11,1,11,1
1,4,1,18,9,8,0,56,0,0,0,8,8,10,65,0,2,0,101,2,1,0,8,3,0,0,21,1,21,1,8,2,8,1,8,1,8,1,11,1,11,1,11,1,11,1
1,4,1,19,10,12,0,66,0,0,0,8,8,9,65,0,3,0,102,2,2,0,8,3,1,0,21,2,21,2,8,3,8,2,8,2,8,2,11,2,11,2,11,2,11,2
1,5,1,20,11,17,0,80,0,0,0,8,7,9,65,0,3,0,115,2,2,0,101,3,2,0,21,2,21,2,8,4,8,3,8,3,11,2,11,2,11,2,20,1,20,1
1,5,1,22,12,24,0,98,0,2,0,9,7,8,40,0,3,0,102,2,3,0,101,3,2,0,21,3,21,3,8,5,8,4,8,4,11,3,11,3,11,3,20,2,20,2
1,5,1,24,13,34,0,120,0,2,0,9,7,8,40,0,4,0,57,2,3,0,115,3,3,0,21,3,21,3,8,6,8,4,11,3,11,3,20,2,20,2,3,2,3,2
1,6,1,28,14,46,0,144,0,2,0,9,7,7,40,0,4,0,102,2,4,0,115,3,4,0,21,4,8,5,8,7,11,4,11,4,20,3,3,2,3,2,1,3,1,3
1,6,1,32,14,57,0,172,0,4,0,9,6,7,40,0,5,0,57,2,4,0,115,4,5,0,21,4,8,9,8,8,11,4,11,4,20,3,3,3,1,3,1,3,19,2
1,6,1,36,15,70,0,208,0,4,0,10,6,6,83,0,5,0,40,2,5,0,115,4,5,0,21,5,8,10,4,4,20,4,3,3,1,4,10,10,6,5,4,5,2,9
1,7,1,40,15,85,0,248,0,4,0,10,6,6,83,0,6,0,57,2,5,0,115,4,6,0,21,5,8,12,4,5,20,5,3,4,1,5,10,10,6,5,4,5,2,10
1,7,1,44,16,100,0,42,1,6,0,11,6,5,83,0,6,0,102,2,6,0,115,4,6,0,21,6,8,12,4,6,20,5,3,5,1,6,10,11,6,7,4,6,2,11
1,7,1,48,16,125,0,92,1,6,0,11,5,5,83,0,7,2,40,2,6,0,115,5,7,0,21,6,8,12,4,7,20,6,3,6,1,7,10,11,6,9,4,7,2,11
1,8,1,52,17,150,0,152,1,6,0,12,5,4,83,255,8,2,57,2,7,0,115,5,7,0,21,7,8,12,4,8,20,6,3,7,1,8,10,12,6,10,4,8,2,12
1,8,2,56,17,175,0,232,1,8,0,13,5,4,83,255,10,2,102,2,7,0,115,5,8,0,21,7,8,12,4,9,20,7,3,8,1,9,10,12,6,11,4,10,2,12
1,8,2,60,18,200,0,56,2,10,0,14,5,3,83,255,15,2,40,2,8,0,115,6,8,0,21,8,8,12,4,10,20,7,3,9,1,10,10,12,6,12,4,12,2,12
1,3,1,18,6,4,0,60,0,0,0,3,7,6,65,1,1,0,115,2,1,0,8,3,0,0,21,1,21,1,8,1,8,1,8,1,8,1,11,1,11,1,11,1,11,1
1,3,1,19,7,8,0,80,0,1,0,3,7,6,65,1,2,0,101,2,1,0,8,3,0,0,21,1,21,1,8,1,8,1,8,1,11,1,11,1,6,1,6,1,6,1
1,3,1,20,8,12,0,100,0,2,0,3,7,6,65,1,2,0,102,2,1,0,8,3,0,0,21,2,21,2,8,2,8,2,11,2,11,2,1,1,1,1,6,2,6,2
1,4,1,21,9,18,0,128,0,3,0,4,6,5,65,1,3,0,115,2,1,0,101,3,0,0,21,2,21,2,8,2,8,2,11,2,11,2,1,2,1,2,6,3,6,3
1,4,1,22,10,24,0,158,0,4,0,4,6,5,40,1,2,0,103,2,2,0,101,3,0,0,21,3,8,3,11,9,20,1,3,1,1,3,1,3,6,4,4,1,4,1
1,4,1,24,11,29,0,192,0,5,0,5,6,5,40,1,4,0,57,2,2,0,115,3,0,0,21,3,8,4,11,10,20,1,3,2,1,4,1,4,6,5,4,2,10,1
1,5,1,27,12,35,0,228,0,6,0,6,5,4,40,1,6,0,103,2,2,0,115,3,1,0,21,4,8,5,11,11,20,2,3,2,1,4,1,4,6,5,4,3,10,2
1,5,1,32,12,43,0,12,1,7,0,7,5,4,40,1,8,0,57,2,3,0,115,3,2,0,21,4,8,6,11,12,20,2,3,3,1,5,0,1,6,6,4,4,10,2
1,5,1,37,13,52,0,60,1,8,0,8,5,4,92,1,6,0,40,2,3,0,115,3,3,0,21,5,8,7,11,12,20,3,3,3,1,5,0,2,6,6,4,4,10,3
1,6,1,43,13,62,0,112,1,9,0,9,4,3,92,0,8,0,57,3,3,0,115,3,4,0,21,5,8,8,11,12,20,3,3,4,1,6,0,3,6,7,4,5,10,3
1,6,1,49,14,74,0,174,1,10,0,10,4,3,92,0,12,0,103,3,4,0,115,255,6,0,21,6,8,9,11,12,20,4,3,4,1,7,0,4,6,7,4,5,10,4
1,6,1,56,14,88,0,236,1,11,0,11,4,3,83,0,10,0,40,3,4,0,115,255,8,0,21,6,8,10,11,12,20,4,3,5,1,8,0,5,6,8,4,6,10,4
1,7,2,63,15,108,0,32,2,12,0,12,3,2,83,0,12,2,57,4,5,0,115,255,9,0,21,7,8,11,11,12,20,5,3,5,1,9,0,6,6,8,4,6,10,5
1,7,2,70,15,130,0,144,2,13,0,13,3,2,83,0,15,2,103,4,5,0,115,255,12,0,21,7,8,12,11,12,20,5,3,6,1,10,0,7,6,9,4,7,10,6
1,7,2,77,16,155,0,238,2,15,0,14,3,2,83,0,18,2,40,5,6,0,115,255,15,0,21,8,8,12,11,12,20,6,3,6,1,11,0,8,6,9,4,8,10,7
